"","age","failures","famrel","freetime","goout","Dalc","Walc","health","absences","G3","school_MS","sex_M","address_R","famsize_LE3","Pstatus_A","Medu_College","Fedu_College","Mjob_at_home","Fjob_at_home","reason_home","reason_other","reason_reputation","guardian_father","guardian_other","schoolsup_yes","famsup_no","paid_yes","activities_yes","nursery_no","higher_no","internet_no","romantic_yes","traveltime_TravelGT30Mins","studytime_StudyGT5Hrs"
"1",18,0,4,3,4,1,1,3,4,11,0,0,0,0,1,1,1,1,0,0,0,0,0,0,1,1,0,0,0,0,1,0,0,0
"2",17,0,5,3,3,1,1,3,2,11,0,0,0,0,0,0,0,1,0,0,0,0,1,0,0,0,0,0,1,0,0,0,0,0
"3",15,0,4,3,2,2,3,3,6,12,0,0,0,1,0,0,0,1,0,0,1,0,0,0,1,1,0,0,0,0,0,0,0,0
"4",15,0,3,2,2,1,1,5,0,14,0,0,0,0,0,1,0,0,0,1,0,0,0,0,0,0,0,1,0,0,0,1,0,1
"5",16,0,4,3,2,1,2,5,0,13,0,0,0,0,0,0,0,0,0,1,0,0,1,0,0,0,0,0,0,0,1,0,0,0
"6",16,0,5,4,2,1,2,5,6,13,0,1,0,1,0,1,0,0,0,0,0,1,0,0,0,0,0,1,0,0,0,0,0,0
"7",16,0,4,4,4,1,1,3,0,13,0,1,0,1,0,0,0,0,0,1,0,0,0,0,0,1,0,0,0,0,0,0,0,0
"8",17,0,4,1,4,1,1,1,2,13,0,0,0,0,1,1,1,0,0,1,0,0,0,0,1,0,0,0,0,0,1,0,0,0
"9",15,0,4,2,2,1,1,1,0,17,0,1,0,1,1,0,0,0,0,1,0,0,0,0,0,0,0,0,0,0,0,0,0,0
"10",15,0,5,5,1,1,1,5,0,13,0,1,0,0,0,0,1,0,0,1,0,0,0,0,0,0,0,1,0,0,0,0,0,0
"11",15,0,3,3,3,1,2,2,2,14,0,0,0,0,0,1,1,0,0,0,0,1,0,0,0,0,0,0,0,0,0,0,0,0
"12",15,0,5,2,2,1,1,4,0,13,0,0,0,0,0,0,0,0,0,0,0,1,1,0,0,0,0,1,0,0,0,0,1,1
"13",15,0,4,3,3,1,3,5,0,12,0,1,0,1,0,1,1,0,0,0,0,0,1,0,0,0,0,1,0,0,0,0,0,0
"14",15,0,5,4,3,1,2,3,0,13,0,1,0,0,0,1,0,0,0,0,0,0,0,0,0,0,0,0,0,0,0,0,0,0
"15",15,0,4,5,2,1,1,3,0,15,0,1,0,0,1,0,0,0,0,1,0,0,0,1,0,0,0,0,0,0,0,1,0,1
"16",16,0,4,4,4,1,2,2,6,17,0,0,0,0,0,1,1,0,0,1,0,0,0,0,0,0,0,0,0,0,0,0,0,0
"17",16,0,3,2,3,1,2,2,10,14,0,0,0,0,0,1,1,0,0,0,0,1,0,0,0,0,0,1,0,0,0,0,0,1
"18",16,0,5,3,2,1,1,4,2,14,0,0,0,0,0,0,0,0,0,0,0,1,0,0,1,0,0,1,0,0,1,0,1,0
"19",17,3,5,5,5,2,4,5,2,7,0,1,0,0,0,0,0,0,0,0,0,0,0,0,0,0,1,1,0,0,0,0,0,0
"20",16,0,3,1,3,1,3,5,6,12,0,1,0,1,0,1,0,0,0,1,0,0,1,0,0,1,0,1,0,0,0,0,0,0
"21",15,0,4,4,1,1,1,1,0,14,0,1,0,0,0,1,0,0,0,0,0,1,0,0,0,1,0,0,0,0,0,0,0,0
"22",15,0,5,4,2,1,1,5,0,12,0,1,0,0,0,1,1,0,0,0,1,0,1,0,0,0,1,0,0,0,0,0,0,0
"23",16,0,4,5,1,1,3,5,0,14,0,1,0,1,0,1,0,0,0,0,0,0,0,0,0,1,0,1,0,0,0,0,0,0
"24",16,0,5,4,4,2,4,5,2,10,0,1,0,1,0,0,0,0,0,0,0,1,0,0,0,0,0,1,0,0,0,0,0,0
"25",15,0,4,3,2,1,1,5,2,10,0,0,1,0,0,0,1,0,0,0,0,0,0,0,1,0,0,1,0,0,0,0,0,1
"26",16,0,1,2,2,1,3,5,6,12,0,0,0,0,0,0,0,0,0,1,0,0,0,0,0,0,0,0,1,0,0,0,0,0
"27",15,0,4,2,2,1,2,5,8,12,0,1,0,0,0,0,0,0,0,1,0,0,0,0,0,0,0,0,0,0,0,0,0,0
"28",15,0,2,2,4,2,4,1,0,11,0,1,0,0,0,1,0,0,0,0,1,0,0,0,0,1,0,0,0,0,0,0,0,0
"29",16,0,5,3,3,1,1,5,2,13,0,1,0,1,1,0,1,0,0,1,0,0,0,0,1,0,1,1,0,0,0,0,0,0
"30",16,0,4,4,5,5,5,5,4,12,0,1,0,0,0,1,1,0,0,1,0,0,0,0,0,0,1,1,0,0,0,1,0,0
"31",15,0,5,4,2,3,4,5,0,11,0,1,0,0,0,1,1,0,0,1,0,0,0,0,0,0,1,0,1,0,0,0,0,0
"32",15,0,4,3,1,1,1,5,2,15,0,1,0,0,0,1,1,0,0,0,0,1,0,0,0,0,0,1,0,0,0,0,0,0
"33",15,0,4,5,2,1,1,5,0,15,0,1,1,0,0,1,0,0,1,0,0,0,0,0,0,0,0,1,0,0,0,1,0,0
"34",15,0,5,3,2,1,1,2,0,12,0,1,0,1,0,0,0,0,0,0,0,0,0,0,0,1,0,1,1,0,0,0,0,0
"35",16,0,5,4,3,1,1,5,4,12,0,1,0,0,0,0,0,0,0,1,0,0,0,0,0,0,0,0,1,0,0,0,0,0
"36",15,0,3,5,1,1,1,5,4,11,0,0,0,0,0,0,0,0,0,0,1,0,1,0,0,0,0,1,0,0,1,0,0,0
"37",15,0,5,4,3,1,1,4,0,14,0,1,0,1,0,1,0,0,0,1,0,0,0,0,0,0,0,1,0,0,0,0,0,1
"38",16,0,2,4,3,1,1,5,4,13,0,1,1,0,1,1,1,0,0,0,0,1,0,0,0,0,0,1,0,0,0,1,0,1
"39",15,0,4,3,2,1,1,5,2,12,0,0,1,0,0,0,1,0,0,0,0,0,0,0,1,0,0,1,0,0,0,0,0,1
"40",15,0,4,3,1,1,1,2,8,12,0,0,1,0,0,0,0,1,0,0,0,1,0,0,1,0,0,1,0,0,1,0,0,0
"41",16,0,3,3,3,1,2,3,16,10,0,0,0,1,0,0,0,0,0,1,0,0,0,0,0,0,0,1,1,0,0,1,0,0
"42",15,0,5,4,3,2,4,5,8,11,0,1,0,1,0,1,1,0,0,1,0,0,0,1,0,0,0,0,1,0,0,1,0,0
"43",15,0,4,3,3,1,1,5,0,15,0,1,0,0,0,1,1,0,0,0,0,0,1,0,0,0,0,1,0,0,0,0,0,0
"44",15,0,5,4,1,1,1,1,0,10,0,1,0,0,0,0,0,0,0,0,0,0,1,0,1,0,0,0,0,0,0,0,0,0
"45",16,1,4,3,3,2,2,5,14,11,0,0,0,1,0,0,0,0,1,0,0,0,1,0,1,1,0,1,0,0,0,0,0,0
"46",15,0,5,2,2,1,1,5,4,11,0,0,0,1,1,1,0,0,0,0,0,0,0,0,1,0,1,1,0,0,0,1,0,0
"47",16,0,2,3,5,1,4,3,6,13,0,0,0,1,1,0,0,0,0,1,0,0,0,0,0,0,0,0,0,0,0,0,0,0
"48",16,0,4,2,2,1,1,2,2,17,0,1,0,0,0,1,0,0,0,0,0,1,0,0,0,1,0,1,0,0,0,0,0,1
"49",15,0,4,3,3,2,2,5,4,13,0,1,0,0,0,1,0,0,0,1,0,0,0,0,0,0,0,0,0,0,1,0,0,0
"50",15,0,4,4,4,1,1,3,2,12,0,0,0,0,0,1,1,0,0,0,1,0,1,0,1,0,0,1,1,0,0,0,0,0
"51",16,0,4,3,3,2,3,4,0,13,0,0,0,1,0,0,0,0,0,0,0,0,0,0,0,0,0,0,0,0,0,0,1,0
"52",15,0,4,3,3,1,1,5,0,16,0,0,0,1,0,1,0,0,0,0,1,0,0,0,0,0,0,0,0,0,0,0,0,0
"53",15,0,5,5,5,3,4,5,4,9,0,1,0,1,1,1,0,0,0,0,1,0,1,0,0,1,0,0,0,0,1,0,0,0
"54",15,0,3,3,4,2,3,5,0,12,0,0,0,0,0,1,1,0,0,0,0,0,0,0,1,0,0,0,0,0,0,0,0,0
"55",15,0,5,3,4,4,4,1,0,13,0,0,0,1,1,0,0,0,0,0,1,0,0,0,0,1,0,0,0,0,0,0,0,0
"56",16,0,5,3,4,1,1,2,2,12,0,0,0,0,1,0,0,0,0,0,1,0,0,0,0,1,0,1,0,0,0,1,0,0
"57",15,0,4,3,2,1,1,1,0,15,0,0,0,0,1,1,0,0,0,0,0,1,0,0,0,0,0,1,0,0,0,0,0,0
"58",15,0,3,2,2,1,1,5,8,16,0,1,0,0,0,1,1,0,0,0,0,1,0,0,0,0,0,1,0,0,1,0,0,0
"59",15,0,4,3,2,1,1,5,0,14,0,1,0,1,0,0,0,0,1,1,0,0,1,0,1,0,0,1,0,0,0,0,0,0
"60",16,0,4,2,3,1,1,5,2,16,0,0,0,0,0,1,0,0,0,0,0,0,0,0,0,0,1,0,0,0,0,0,0,0
"61",16,0,2,4,4,2,3,4,0,16,0,0,1,0,0,1,1,0,0,0,1,0,0,0,0,0,0,1,0,0,1,0,0,0
"62",16,0,5,5,5,5,5,5,0,16,0,0,0,0,0,0,0,0,0,0,0,0,1,0,1,0,0,1,1,0,0,1,1,0
"63",16,0,4,4,3,1,1,1,0,10,0,0,0,1,0,0,0,0,0,0,0,1,1,0,1,1,0,1,0,0,0,0,0,0
"64",16,0,3,4,4,2,4,4,0,13,0,0,0,0,0,1,0,0,0,1,0,0,0,0,1,0,0,1,0,0,0,0,0,1
"65",15,0,4,4,4,2,4,2,0,12,0,0,0,1,0,1,0,0,0,0,0,1,1,0,1,1,0,1,0,0,0,1,0,0
"66",16,0,5,4,3,1,2,1,2,16,0,0,0,1,0,1,0,0,0,0,0,0,0,0,0,0,0,1,0,0,0,0,1,0
"67",15,0,1,3,3,5,5,3,0,12,0,1,0,0,1,1,1,0,0,0,0,1,0,0,0,0,0,1,1,0,0,1,0,1
"68",16,0,4,3,3,1,2,5,0,10,0,0,0,0,0,0,0,0,0,0,0,0,0,0,1,0,0,0,0,0,0,0,0,1
"69",15,0,4,1,3,1,3,4,0,11,0,0,1,1,0,0,0,0,0,0,0,1,0,0,1,0,0,0,0,0,0,0,0,0
"70",15,0,4,4,2,2,3,3,6,15,0,0,1,1,0,0,0,0,0,0,0,1,1,0,0,0,0,0,1,0,0,0,0,1
"71",16,0,4,3,2,1,1,5,2,11,0,1,0,0,0,0,0,0,0,0,0,1,1,0,0,0,0,0,0,0,0,0,0,1
"72",15,0,3,3,3,1,1,3,0,10,0,1,0,0,0,1,0,0,0,0,0,0,0,0,0,1,0,0,0,0,0,0,0,1
"73",15,0,3,3,4,2,4,5,2,11,0,0,1,0,0,0,0,0,0,0,0,1,0,0,1,0,0,0,1,0,0,1,0,0
"74",16,0,5,3,2,2,2,5,0,14,0,1,0,0,0,0,0,0,0,0,0,1,0,0,0,1,0,1,0,0,1,0,0,0
"75",16,0,4,3,3,2,4,5,4,11,0,0,0,0,0,0,0,0,0,1,0,0,0,0,1,0,0,1,0,0,0,0,0,0
"76",15,0,4,3,3,2,3,5,0,11,0,1,0,0,0,1,0,0,0,1,0,0,0,0,0,0,0,1,0,0,0,0,0,0
"77",15,0,3,4,3,1,1,1,0,11,0,1,0,0,0,1,0,0,0,0,0,0,0,0,0,1,0,1,0,0,0,0,0,1
"78",16,0,5,2,3,1,3,3,1,13,0,0,0,0,0,0,0,0,0,0,0,1,0,0,0,1,0,0,0,0,0,1,0,1
"79",17,3,4,5,1,1,1,3,0,10,0,1,0,0,0,0,0,0,0,1,0,0,0,0,1,0,0,1,0,1,0,0,0,0
"80",16,0,2,4,3,1,2,3,14,11,0,0,0,0,0,0,1,1,0,0,0,0,0,0,0,0,0,0,0,0,0,0,0,0
"81",15,0,3,2,2,1,3,3,0,12,0,1,0,0,0,0,0,0,0,0,0,0,1,0,1,0,0,1,1,0,0,1,0,0
"82",15,0,5,3,2,1,2,5,2,9,0,1,0,0,0,0,0,0,0,1,0,0,0,0,1,1,0,0,1,0,0,0,0,1
"83",15,0,4,4,4,1,1,5,4,11,0,0,0,1,0,0,0,0,0,0,0,1,0,0,0,0,0,0,0,0,0,0,0,0
"84",15,0,5,3,3,1,3,4,2,13,0,1,0,1,0,0,0,0,0,1,0,0,0,0,0,1,1,1,0,0,0,0,0,0
"85",15,0,4,3,2,2,3,4,2,12,0,0,0,0,0,0,0,0,0,1,0,0,1,0,0,0,0,1,1,0,0,0,0,0
"86",15,0,4,4,4,2,3,5,4,12,0,0,0,0,0,1,1,0,0,0,0,1,1,0,0,1,0,0,0,0,0,1,0,0
"87",16,0,4,3,4,1,2,2,6,11,0,0,0,1,0,0,0,1,0,0,0,0,0,0,0,0,0,0,0,0,1,0,0,0
"88",15,0,5,3,3,1,3,1,4,15,0,0,0,0,0,1,0,0,0,0,0,1,0,0,0,0,0,1,0,0,0,0,0,1
"89",16,0,4,4,2,1,1,3,6,11,0,1,0,0,0,0,0,0,0,0,0,1,1,0,0,1,0,1,1,0,0,0,0,0
"90",16,0,4,1,3,3,5,5,6,10,0,1,0,1,1,1,1,0,0,0,0,1,0,0,0,0,0,0,0,0,1,0,0,0
"91",16,0,4,3,3,1,3,4,2,11,0,0,0,0,0,0,0,0,0,1,0,0,0,0,0,0,0,0,0,0,0,1,0,1
"92",15,0,4,5,5,1,3,1,6,13,0,0,0,0,0,1,0,0,0,0,0,1,0,0,0,1,0,1,0,0,0,0,0,0
"93",16,0,3,3,3,2,3,2,0,12,0,0,0,1,0,0,0,0,0,1,0,0,1,0,1,0,0,0,0,0,1,0,0,0
"94",16,0,5,3,3,1,1,1,2,14,0,0,0,0,0,1,0,0,0,1,0,0,0,0,0,0,0,1,0,0,0,0,0,0
"95",15,0,4,3,4,1,1,4,2,12,0,1,0,1,0,0,0,0,0,0,0,1,0,0,0,0,0,1,0,0,0,0,0,1
"96",15,0,3,1,2,1,1,1,4,13,0,0,1,0,0,0,0,1,0,1,0,0,0,0,1,0,1,1,0,0,0,0,0,1
"97",16,0,3,3,3,1,1,4,6,11,0,1,1,0,0,1,0,0,0,0,0,1,0,0,1,0,1,1,1,0,0,0,0,0
"98",16,0,4,3,5,1,1,5,0,12,0,0,0,0,0,0,0,0,0,0,0,0,0,0,0,0,0,0,0,0,1,1,0,0
"99",16,0,5,3,4,1,2,1,4,13,0,0,0,0,0,1,1,0,0,0,0,1,0,0,0,1,0,1,1,0,0,0,0,0
"100",16,0,5,3,5,1,1,3,2,13,0,0,0,0,0,1,0,0,1,0,0,0,0,0,1,0,0,0,0,0,0,0,0,1
"101",16,0,4,5,5,5,5,4,12,8,0,1,0,0,0,1,1,0,0,0,1,0,0,0,1,0,0,1,0,0,0,0,0,0
"102",16,0,4,4,3,1,1,4,0,16,0,1,0,0,0,1,1,0,0,0,1,0,1,0,0,0,0,1,0,0,0,1,0,1
"103",15,0,5,3,3,1,1,5,2,12,0,1,0,0,0,1,1,0,0,0,0,0,0,0,0,0,1,1,1,0,0,0,0,0
"104",15,0,4,3,5,1,1,2,16,10,0,0,0,0,0,0,0,0,0,1,0,0,0,0,1,0,0,0,0,0,0,0,0,0
"105",15,0,5,4,4,1,1,1,0,16,0,1,0,0,1,0,1,0,0,0,0,0,0,0,0,0,0,1,0,0,0,0,0,0
"106",15,0,4,3,3,1,1,4,10,10,0,0,0,0,1,0,0,0,0,0,0,1,1,0,1,1,0,0,0,0,1,0,0,1
"107",15,0,5,1,2,1,1,3,4,10,0,0,0,0,0,0,0,0,0,0,0,0,0,0,1,0,0,0,0,0,0,0,0,1
"108",16,0,5,3,3,1,1,5,4,14,0,1,0,0,0,0,0,0,0,1,0,0,1,0,0,0,0,1,0,0,0,0,0,1
"109",15,0,1,3,5,3,5,1,8,11,0,1,1,0,0,1,1,0,0,1,0,0,1,0,0,0,0,1,0,0,0,1,1,1
"110",16,0,5,4,5,1,1,4,2,14,0,0,0,1,0,1,1,0,0,0,1,0,0,0,0,0,0,1,0,0,0,1,0,1
"111",15,0,5,5,3,1,1,4,4,14,0,1,0,1,1,1,1,0,0,0,0,0,0,0,0,1,0,1,0,0,0,0,0,0
"112",16,0,4,1,2,1,1,2,4,11,0,0,1,0,0,0,0,0,0,0,0,1,1,0,1,0,0,1,0,0,0,0,0,1
"113",16,1,3,1,2,1,1,5,12,10,0,0,0,0,0,0,0,1,0,1,0,0,0,0,1,1,0,1,0,0,0,0,0,0
"114",15,0,3,5,2,1,1,3,10,18,0,1,0,1,0,1,0,0,0,0,0,0,0,0,0,1,0,0,0,0,0,0,0,0
"115",15,0,5,4,2,1,1,5,4,10,0,1,1,0,0,0,0,0,0,0,0,1,0,0,0,1,0,1,0,0,0,1,0,0
"116",16,0,5,4,4,1,2,5,6,14,0,1,0,0,0,1,1,0,0,0,0,0,1,0,0,0,0,1,0,0,0,0,0,0
"117",15,0,4,4,3,1,1,2,4,16,0,1,0,0,0,1,1,0,0,0,0,1,1,0,0,0,0,1,0,0,1,0,0,0
"118",16,0,5,4,2,1,1,5,6,15,0,1,0,0,0,0,0,0,0,1,0,0,1,0,0,1,0,1,0,0,0,0,0,0
"119",17,1,5,2,4,1,4,5,14,11,0,1,1,0,0,0,0,0,0,0,0,0,1,0,0,0,0,1,0,0,0,0,1,0
"120",15,0,3,4,3,1,2,4,2,14,0,1,0,0,0,0,1,0,0,0,0,1,1,0,0,1,0,0,0,0,0,0,0,0
"121",15,0,3,2,3,1,2,1,0,14,0,0,0,0,0,0,0,1,0,0,0,0,0,0,0,1,0,0,1,0,0,0,0,0
"122",15,0,5,5,4,1,2,5,6,13,0,1,0,0,0,0,0,0,0,1,0,0,1,0,0,0,0,1,0,0,0,0,0,1
"123",16,0,4,2,2,1,2,5,2,13,0,0,0,1,0,0,1,0,0,0,0,0,1,0,0,0,0,1,0,0,0,1,0,0
"124",16,0,3,4,4,1,4,5,4,13,0,1,0,0,0,1,1,0,0,0,0,0,0,0,0,0,0,1,0,0,0,0,0,0
"125",16,0,5,4,4,1,1,5,0,11,0,0,0,0,0,0,0,0,0,1,0,0,0,0,0,1,0,0,0,0,0,1,0,0
"126",15,0,5,5,5,3,2,5,2,9,0,1,0,0,0,0,1,0,0,1,0,0,1,0,1,1,0,0,0,0,0,0,0,0
"127",15,0,5,3,2,1,1,1,0,11,0,0,0,1,1,0,1,0,0,1,0,0,0,0,1,1,0,1,0,0,0,1,0,0
"128",19,2,3,4,2,1,1,5,0,11,0,0,0,0,0,0,0,1,0,0,0,0,0,1,0,0,0,0,1,1,1,0,0,0
"129",16,0,3,5,5,2,5,4,8,15,0,1,1,0,0,1,1,0,0,0,0,0,0,0,0,1,0,1,0,0,0,0,0,0
"130",16,0,3,2,3,2,2,1,4,13,0,1,0,0,0,0,0,0,0,0,0,0,0,0,0,0,0,0,1,0,0,1,0,1
"131",15,0,4,2,2,2,2,5,0,12,0,0,1,0,0,0,1,0,0,0,0,0,1,0,0,0,0,0,0,0,0,1,0,1
"132",18,3,5,4,5,1,3,5,10,8,0,0,0,0,0,0,0,0,0,0,0,1,0,0,0,0,0,1,0,1,0,1,0,0
"133",17,0,3,2,2,1,2,5,8,11,0,0,0,1,1,0,0,0,0,0,0,0,0,0,0,0,0,0,0,0,0,0,1,0
"134",15,0,4,3,3,1,2,4,6,13,0,0,0,0,0,0,0,1,0,0,0,0,0,0,0,0,0,1,1,0,0,1,1,0
"135",17,0,3,4,4,1,3,5,2,12,0,0,0,1,0,0,0,0,0,0,0,0,1,0,0,0,0,0,0,0,0,1,0,0
"136",16,0,3,2,1,1,4,5,12,14,0,0,0,0,1,0,1,0,0,0,0,0,1,0,0,1,0,0,0,0,0,0,0,0
"137",16,0,3,2,1,1,1,2,4,11,0,1,0,0,0,0,0,1,0,0,0,0,0,0,0,1,0,0,0,0,1,0,1,0
"138",16,1,5,3,4,1,1,5,12,11,0,0,0,0,1,0,0,0,0,1,0,0,0,0,0,1,0,0,0,0,1,0,0,0
"139",15,0,5,3,3,1,1,5,2,11,0,1,1,0,0,0,1,1,0,0,0,0,0,0,0,0,0,0,0,0,1,1,1,0
"140",15,0,4,3,3,1,1,5,4,15,0,0,0,0,0,1,1,0,1,0,0,0,0,0,0,0,0,1,0,0,0,1,0,1
"141",17,0,5,4,5,2,4,5,2,10,0,1,1,0,0,0,1,1,0,0,0,0,0,0,0,1,0,0,0,0,1,0,1,0
"142",16,0,5,1,3,1,1,3,0,13,0,0,1,0,0,0,0,1,0,0,0,0,0,0,0,0,0,0,0,0,1,0,1,0
"143",18,0,3,3,4,4,5,4,2,12,0,1,0,1,0,0,0,0,0,0,0,0,0,0,0,1,0,1,0,0,0,1,0,0
"144",18,0,4,3,3,5,1,5,10,11,0,0,0,0,1,0,0,0,0,0,0,0,0,1,0,0,0,1,1,0,0,1,0,1
"145",16,0,3,3,3,1,2,1,8,11,0,0,1,0,0,0,0,0,0,0,0,1,0,0,0,0,0,1,0,0,1,1,0,0
"146",16,0,4,3,2,1,1,5,4,10,0,0,0,0,1,0,0,0,0,0,0,0,0,1,0,0,0,1,1,0,0,1,0,0
"147",16,2,4,4,4,1,3,5,0,10,0,1,0,1,0,0,0,0,0,0,0,0,0,0,0,1,0,0,0,0,1,1,0,0
"148",15,0,4,3,2,1,1,5,6,14,0,0,0,0,0,1,1,0,0,0,0,0,0,0,0,1,0,1,0,0,0,0,0,0
"149",15,1,5,5,5,1,1,1,2,9,0,0,1,0,0,0,0,0,0,0,0,0,0,0,0,1,0,1,0,0,0,1,1,0
"150",15,0,2,2,2,1,1,3,6,11,0,1,0,0,0,1,0,0,0,0,0,0,1,0,1,0,0,0,0,0,0,0,0,1
"151",15,0,1,3,2,2,3,1,24,9,0,0,0,0,1,0,0,0,0,1,0,0,0,0,0,1,0,0,1,0,1,1,0,0
"152",16,0,5,3,3,1,3,5,0,13,0,1,0,0,0,1,1,0,0,0,0,0,0,0,0,0,0,1,0,0,0,0,0,1
"153",16,0,2,3,3,2,2,2,4,11,0,1,0,1,0,0,0,0,0,0,0,1,1,0,0,0,0,1,0,0,0,0,0,0
"154",15,0,4,2,2,1,1,5,2,13,0,0,0,0,0,1,1,0,0,0,0,0,0,0,0,0,0,1,0,0,0,0,0,1
"155",16,0,3,4,4,3,3,1,4,11,0,0,0,1,0,0,0,1,1,0,0,0,0,0,0,1,0,0,0,0,0,0,0,0
"156",17,0,5,4,5,1,2,5,22,6,0,1,0,0,0,0,0,0,0,1,0,0,0,0,0,0,0,0,0,0,0,0,0,0
"157",15,0,4,4,2,1,2,5,0,12,0,0,0,0,0,0,0,0,0,0,0,0,1,0,0,0,0,0,0,0,0,0,0,0
"158",15,0,4,4,2,1,1,5,0,10,0,0,0,1,1,0,0,1,0,1,0,0,0,0,0,0,0,1,0,1,0,1,0,0
"159",15,1,3,3,2,1,1,3,2,11,0,0,0,0,0,0,0,0,0,1,0,0,1,0,0,0,0,0,0,0,0,0,0,0
"160",15,0,4,3,2,1,1,5,6,13,0,0,0,0,0,0,0,1,0,0,0,0,0,0,0,0,0,0,1,0,0,0,0,0
"161",15,0,2,3,4,2,4,1,6,11,0,0,0,0,0,0,0,1,0,0,0,0,1,0,0,1,0,0,1,0,1,1,0,0
"162",16,0,3,3,2,2,1,5,16,8,0,1,0,0,0,1,1,0,0,0,0,0,0,0,0,0,0,0,0,1,0,1,0,0
"163",15,0,4,5,5,2,5,5,0,11,0,1,0,1,1,0,0,0,0,0,0,0,0,0,0,1,0,0,0,0,0,0,1,0
"164",18,2,2,3,5,2,5,4,0,0,0,1,0,1,0,0,0,0,0,0,0,0,0,0,0,1,0,0,0,1,0,1,0,0
"165",16,1,4,4,4,3,5,5,6,10,0,1,0,1,0,0,0,1,0,0,0,0,0,0,0,1,0,1,0,0,1,1,0,0
"166",15,0,4,2,1,2,3,3,2,13,0,0,1,0,0,0,0,0,0,0,0,1,0,1,0,0,1,1,0,0,0,1,0,1
"167",19,0,4,5,4,1,1,4,6,11,0,1,0,0,0,0,0,0,1,1,0,0,0,0,0,0,0,0,0,1,0,1,0,0
"168",17,0,4,2,1,1,1,4,0,13,0,0,0,0,0,1,1,0,0,0,0,0,0,0,1,0,0,0,0,0,1,1,0,0
"169",15,0,4,4,4,1,1,1,0,8,0,1,1,0,0,0,0,1,0,0,0,0,0,0,1,1,1,1,0,0,1,0,0,0
"170",17,3,2,2,2,3,3,5,14,10,0,1,1,1,0,0,0,0,0,0,0,1,0,0,0,1,0,0,0,0,1,0,0,0
"171",18,3,5,2,5,1,5,4,6,11,0,0,1,0,0,0,0,1,0,0,0,0,0,0,0,0,0,1,1,0,1,0,1,0
"172",16,0,4,2,2,1,2,3,4,11,0,1,1,0,0,0,0,1,0,0,0,0,0,0,0,1,0,0,1,0,1,0,1,0
"173",16,1,4,5,5,4,4,5,0,1,0,1,0,0,0,0,0,0,0,0,0,0,1,0,0,0,0,0,0,0,0,1,0,0
"174",16,2,4,4,5,3,5,5,0,10,0,1,0,1,0,0,0,0,0,0,0,0,0,0,0,1,0,0,1,0,0,0,0,0
"175",17,1,3,3,2,2,2,5,8,9,0,1,1,1,0,0,0,1,0,0,0,0,0,0,0,1,1,1,0,1,0,1,0,0
"176",17,2,4,4,4,1,4,3,4,8,0,1,1,0,0,0,0,0,0,0,0,0,0,0,1,0,0,0,0,0,0,1,0,0
"177",15,0,4,4,4,2,4,5,2,10,0,1,0,1,0,0,0,0,0,0,0,0,0,0,0,1,0,1,0,0,1,0,0,0
"178",16,1,5,3,3,1,4,2,2,8,0,1,0,0,0,0,0,1,0,0,0,0,1,0,0,1,0,0,0,1,0,0,0,0
"179",17,0,5,3,5,1,5,5,0,8,0,1,1,1,0,0,0,0,0,0,0,0,0,0,0,1,0,1,0,1,1,1,1,0
"180",17,3,4,5,2,1,1,2,10,8,0,1,0,0,0,0,0,0,0,0,0,0,0,0,0,0,0,1,1,1,1,0,0,0
"181",16,0,4,3,5,2,4,4,0,11,0,1,0,0,0,0,0,0,0,0,0,0,1,0,0,1,0,0,0,1,0,0,0,0
"182",16,0,4,2,3,1,1,3,0,18,0,0,0,0,0,1,0,0,0,1,0,0,1,0,0,1,0,0,0,0,0,1,0,0
"183",16,0,5,1,5,1,1,4,0,13,0,0,0,0,0,0,0,0,0,1,0,0,0,0,0,0,0,0,1,0,0,0,0,0
"184",16,0,4,4,2,1,1,3,0,17,0,0,0,0,0,1,1,0,0,0,0,1,0,0,0,0,0,0,0,0,0,1,0,0
"185",16,1,3,4,5,2,4,2,4,10,0,1,0,0,0,0,1,0,0,0,0,0,1,0,0,0,0,1,1,0,0,0,1,0
"186",16,0,4,3,2,1,1,3,0,18,0,1,0,0,0,0,0,0,0,0,0,1,0,0,0,0,0,1,0,0,0,1,0,0
"187",17,0,4,4,4,1,3,5,0,10,0,1,0,1,0,1,1,0,0,0,0,1,0,0,0,0,0,1,0,0,0,0,0,0
"188",16,0,4,3,5,1,1,3,0,13,0,0,0,0,0,0,0,1,0,1,0,0,0,0,0,1,0,1,1,0,0,1,0,0
"189",16,0,4,4,5,1,1,4,0,15,0,0,0,1,0,0,0,0,0,0,0,1,0,0,0,0,0,1,0,0,0,0,0,0
"190",17,0,4,4,4,4,4,4,0,11,0,1,0,1,0,1,0,0,0,0,0,0,0,0,0,1,0,1,0,0,0,0,0,0
"191",16,0,3,4,4,1,4,5,0,14,0,0,0,0,0,0,0,0,0,0,0,1,0,0,0,1,0,1,1,0,0,0,0,0
"192",17,0,4,3,4,1,4,4,4,10,0,1,0,0,0,0,0,0,0,0,0,1,1,0,0,1,0,1,1,0,0,0,0,0
"193",16,0,4,3,3,3,4,3,8,11,0,1,1,0,0,1,0,0,0,0,1,0,0,0,0,0,0,1,0,0,0,1,0,0
"194",17,0,5,2,3,1,1,2,4,13,0,1,0,0,0,1,0,0,0,0,0,0,0,0,0,0,1,1,0,0,0,1,0,0
"195",16,0,3,4,3,2,3,3,4,11,0,1,0,0,0,1,0,0,0,1,0,0,0,0,0,0,1,1,0,0,0,0,0,0
"196",16,0,4,2,3,1,2,3,0,13,0,1,0,0,0,0,0,0,0,1,0,0,0,0,0,1,0,1,0,0,0,1,0,0
"197",17,0,5,4,2,2,3,5,0,17,0,0,0,0,0,0,1,0,0,0,0,1,1,0,0,0,0,1,0,0,1,0,0,0
"198",17,0,5,3,3,2,3,1,32,14,0,0,0,1,0,0,0,0,0,0,0,1,0,0,0,0,0,1,0,0,0,1,0,0
"199",16,0,1,2,2,1,2,1,8,16,0,0,0,0,0,0,0,0,0,0,0,1,0,0,0,0,0,0,0,0,0,0,0,0
"200",17,0,4,3,4,2,3,4,6,14,0,1,0,0,0,0,0,0,0,0,1,0,0,0,0,0,0,1,0,0,0,1,0,0
"201",16,0,3,3,3,1,2,3,0,11,0,1,0,0,0,0,0,0,0,0,1,0,0,0,0,0,0,1,0,0,0,1,0,0
"202",16,0,4,2,3,1,2,5,0,16,0,1,0,1,0,0,0,0,0,0,0,0,0,0,0,1,0,1,0,0,0,1,0,0
"203",17,0,3,3,3,1,3,3,10,14,0,0,0,0,1,0,0,0,0,0,0,1,0,0,0,0,0,0,1,0,0,1,0,0
"204",17,0,3,1,3,1,5,3,6,10,0,1,1,0,0,0,0,1,0,1,0,0,0,0,0,1,0,0,0,0,1,0,0,0
"205",16,0,4,3,3,1,1,2,6,13,0,0,0,0,0,0,0,0,0,0,0,0,0,0,0,1,0,0,0,0,0,0,0,0
"206",17,0,5,3,3,1,1,3,0,12,0,0,0,0,0,0,0,1,0,0,0,0,0,0,0,1,0,1,0,0,0,0,0,0
"207",17,0,4,4,4,4,5,5,16,12,0,1,0,0,0,0,0,1,0,0,1,0,0,1,0,1,0,1,1,0,0,0,0,0
"208",16,0,4,3,2,3,4,5,0,10,0,1,1,0,0,0,0,0,0,0,0,1,0,0,0,0,0,1,0,0,0,0,0,0
"209",16,0,5,3,3,1,1,3,0,12,0,1,0,0,0,0,0,0,0,1,0,0,1,0,0,1,0,0,0,0,0,0,0,0
"210",17,0,4,3,2,1,1,5,8,16,0,0,0,1,0,0,1,0,0,0,0,0,1,0,0,1,0,1,0,0,0,1,0,0
"211",17,0,5,2,3,1,2,5,4,14,0,1,0,0,0,1,1,0,0,1,0,0,0,0,0,1,0,0,0,0,0,0,0,0
"212",16,0,3,3,4,3,5,3,16,12,0,1,1,1,0,0,0,0,0,1,0,0,1,0,0,0,0,1,0,0,0,0,1,0
"213",17,1,4,2,4,2,3,2,30,16,0,0,0,0,0,1,1,0,0,1,0,0,0,0,0,0,0,0,0,0,0,0,0,0
"214",16,0,4,5,2,1,2,3,0,11,0,0,0,1,0,1,1,0,0,0,0,1,0,0,0,0,0,0,0,0,0,0,0,0
"215",16,0,4,3,5,1,5,2,2,15,0,0,0,0,0,1,0,0,0,1,0,0,0,0,0,0,0,1,0,0,0,0,0,0
"216",16,0,4,4,3,1,3,4,4,12,0,0,0,0,0,0,0,0,0,0,0,1,0,0,1,0,0,1,0,0,1,0,0,0
"217",17,0,4,4,4,1,3,1,0,15,0,0,0,0,0,0,0,0,0,0,0,0,0,0,0,0,0,0,1,0,1,0,0,0
"218",17,0,5,3,2,1,2,3,21,13,0,0,1,0,0,0,0,0,0,0,0,1,0,0,0,0,0,0,0,0,0,0,0,0
"219",16,0,5,3,5,1,1,5,6,13,0,0,1,0,0,0,0,0,0,0,0,1,0,0,0,0,0,1,1,0,0,0,0,1
"220",17,1,4,4,3,3,4,5,14,8,0,0,0,0,0,0,1,1,0,1,0,0,0,0,0,0,1,0,0,0,0,1,0,1
"221",16,0,2,3,3,2,2,4,2,12,0,0,0,0,1,0,0,0,0,0,0,0,0,0,0,0,0,0,0,0,0,0,0,0
"222",16,0,1,3,2,1,1,1,4,15,0,0,0,0,0,1,0,0,0,0,1,0,0,0,0,1,0,1,0,0,0,1,0,0
"223",16,0,4,3,2,1,4,5,2,13,0,0,0,0,0,0,0,1,0,1,0,0,0,0,0,0,0,0,0,0,1,0,0,0
"224",17,0,4,4,2,1,1,4,0,12,0,0,1,0,0,1,0,0,0,0,0,1,0,0,0,0,0,1,0,0,0,1,0,1
"225",19,0,4,3,3,1,2,3,4,12,0,0,0,0,0,0,0,0,0,0,0,1,0,1,0,0,0,1,0,0,0,0,0,1
"226",17,0,5,3,5,4,5,3,15,12,0,1,0,1,0,1,1,0,0,1,0,0,0,0,0,0,0,0,0,0,0,1,0,0
"227",16,0,3,3,4,1,1,4,0,13,0,0,0,0,1,0,0,0,0,0,0,1,0,0,1,0,0,0,0,0,0,0,0,0
"228",18,0,4,4,4,2,4,5,10,11,0,1,0,0,0,0,0,0,0,1,0,0,0,0,0,0,0,1,0,0,0,0,0,0
"229",17,0,5,2,1,1,2,3,6,11,0,0,1,1,0,1,1,0,0,0,1,0,0,0,0,0,0,0,0,0,1,0,0,0
"230",17,0,4,4,4,1,3,1,2,15,0,0,0,1,0,0,0,0,0,0,0,1,0,0,0,1,0,0,0,0,0,0,0,0
"231",17,0,3,4,5,2,4,1,16,10,0,0,0,0,0,1,0,0,0,0,0,1,0,0,0,1,0,0,0,0,0,1,0,0
"232",18,0,3,2,4,2,4,4,10,10,0,1,0,1,0,0,0,0,0,1,0,0,1,0,0,0,0,0,0,0,0,0,0,0
"233",17,0,3,3,3,1,4,3,4,13,0,0,0,0,0,0,0,1,0,1,0,0,1,0,0,0,0,0,0,0,1,0,0,0
"234",17,0,4,3,3,1,1,4,0,13,0,0,0,0,0,0,0,1,1,0,0,0,0,0,0,0,0,1,0,0,0,0,0,1
"235",17,0,4,2,5,1,2,5,0,11,0,0,1,0,0,0,0,1,0,0,0,1,0,0,0,0,0,1,0,0,0,0,0,0
"236",17,0,4,3,4,1,1,5,12,12,0,0,0,0,0,0,0,1,0,0,0,1,0,0,0,0,0,1,0,0,1,1,0,1
"237",16,0,2,3,1,1,1,3,0,14,0,0,0,0,0,0,0,0,0,0,1,0,0,0,1,1,0,0,0,0,0,0,0,0
"238",18,3,3,3,3,5,5,4,9,10,0,1,0,0,0,0,0,0,0,1,0,0,0,0,0,0,1,0,0,0,0,0,0,0
"239",16,0,5,3,2,1,1,5,4,16,0,0,0,0,0,1,1,0,0,1,0,0,0,0,0,0,0,1,1,0,0,0,0,1
"240",18,0,5,3,3,1,1,4,4,8,0,0,1,0,0,0,0,0,0,0,0,1,0,0,0,1,0,1,0,0,0,1,0,0
"241",17,0,5,3,4,1,3,3,2,17,0,0,0,0,0,0,0,0,0,0,0,0,0,0,0,1,0,1,1,0,0,0,0,0
"242",17,0,5,3,3,1,3,3,0,11,0,1,0,1,0,0,0,0,0,0,0,1,1,0,0,0,0,0,1,0,0,0,0,0
"243",18,0,4,3,2,4,5,3,2,11,0,1,0,1,0,0,0,1,0,0,0,0,0,0,1,0,0,1,0,0,0,1,1,0
"244",17,0,3,2,3,1,2,3,0,16,0,0,0,0,1,0,0,0,0,0,0,0,0,0,0,1,0,1,0,0,0,1,0,1
"245",17,0,3,2,3,1,2,3,0,12,0,0,0,1,0,1,0,0,0,0,0,1,1,0,0,1,0,1,0,0,0,1,0,0
"246",17,0,4,5,2,1,1,1,0,13,0,1,1,0,0,0,0,0,0,0,0,0,1,0,0,0,0,1,0,0,0,0,0,0
"247",17,0,4,5,5,1,3,2,0,13,0,1,0,0,0,1,1,0,0,0,0,1,0,0,1,0,0,1,0,0,0,1,0,0
"248",16,0,4,2,4,2,4,1,0,14,0,1,0,0,0,1,1,0,0,0,0,1,1,0,0,0,0,1,0,0,0,0,0,0
"249",16,0,3,4,2,1,1,5,2,9,0,1,0,1,0,0,0,0,0,1,0,0,0,0,0,0,0,0,0,0,0,0,0,0
"250",16,0,5,3,3,1,3,2,0,12,0,1,0,0,0,0,0,1,0,0,0,1,0,0,0,1,0,1,0,0,0,1,0,1
"251",17,0,4,4,2,5,5,4,0,16,0,1,0,1,0,0,0,0,0,1,0,0,1,0,0,1,0,1,1,0,0,1,0,0
"252",16,0,4,5,2,1,1,5,4,10,0,0,0,0,0,0,0,0,0,1,0,0,0,0,0,1,0,0,0,0,0,1,0,0
"253",16,0,5,3,3,1,2,5,0,13,0,0,0,0,1,1,0,0,0,1,0,0,0,0,0,1,0,1,0,0,0,1,0,0
"254",18,1,4,3,3,1,1,3,18,10,0,0,0,1,1,0,1,0,0,0,0,0,0,0,0,0,0,0,0,0,0,0,0,0
"255",18,1,5,3,1,1,1,5,16,10,0,0,0,1,0,0,0,1,0,0,0,0,0,0,0,0,0,0,1,0,0,1,0,0
"256",18,1,4,1,1,1,1,3,14,7,0,0,0,0,0,0,0,0,0,0,0,0,0,0,0,1,0,0,0,1,0,0,0,0
"257",18,1,4,4,3,2,2,1,26,8,0,1,0,0,0,0,0,0,1,0,0,0,0,1,0,0,0,1,1,1,0,1,0,0
"258",17,0,4,2,1,1,2,5,6,9,0,1,0,0,0,1,1,0,0,0,0,0,0,0,0,0,0,1,1,0,0,0,0,0
"259",17,0,5,4,2,1,1,3,4,15,0,0,0,0,0,0,0,0,0,0,0,0,1,0,0,1,0,1,0,0,1,0,0,0
"260",17,0,4,3,2,1,2,4,10,10,0,0,0,1,0,0,0,1,1,0,0,0,0,0,0,0,0,1,0,0,0,1,0,1
"261",16,0,5,3,5,1,2,5,4,11,0,0,0,0,0,0,0,0,0,0,0,0,0,0,0,1,0,0,0,1,0,0,0,0
"262",17,0,2,1,1,1,1,3,2,13,0,0,1,0,0,0,0,1,0,0,0,0,0,0,0,1,0,1,0,0,1,0,1,0
"263",17,1,5,5,4,1,1,5,14,8,0,0,1,1,1,0,1,0,0,0,0,0,0,1,0,0,0,0,0,0,0,0,1,0
"264",18,0,5,5,4,3,5,2,16,8,0,1,0,0,0,0,0,0,0,0,0,1,1,0,0,1,0,0,0,1,0,0,0,0
"265",17,1,3,1,2,1,1,1,8,10,0,0,0,1,1,0,0,0,0,1,0,0,0,0,0,0,0,0,1,1,0,0,0,0
"266",17,0,4,3,3,1,3,5,4,15,0,0,1,1,0,0,0,1,0,0,0,0,0,0,0,1,0,1,0,0,0,0,0,1
"267",17,0,4,3,2,1,1,4,4,14,0,0,0,1,1,1,0,0,0,0,0,0,0,0,0,0,0,1,0,0,1,0,0,0
"268",17,0,2,5,5,1,4,5,8,15,0,1,0,1,0,1,0,0,0,0,0,0,0,0,0,1,0,1,0,0,0,1,0,0
"269",17,0,3,3,3,2,3,4,0,12,0,1,1,1,1,1,1,0,0,0,0,0,0,0,0,0,0,0,0,0,0,0,0,0
"270",16,0,5,4,5,1,1,3,7,15,0,1,0,1,0,1,0,0,0,0,0,0,0,0,0,1,0,1,1,0,0,0,0,0
"271",16,0,5,3,2,1,2,5,4,15,0,1,0,0,0,1,1,0,0,0,0,0,0,0,0,1,1,1,0,0,0,0,0,0
"272",17,0,5,3,1,1,4,5,2,12,0,0,0,0,0,1,1,0,0,0,0,0,0,0,0,0,1,0,0,0,0,1,0,0
"273",17,0,4,3,3,1,1,1,2,15,0,1,1,0,0,0,0,0,0,1,0,0,1,0,0,1,0,0,1,0,0,1,0,1
"274",17,0,4,2,2,2,3,5,10,11,0,0,0,0,0,0,0,0,0,1,0,0,0,0,0,0,0,0,0,0,0,1,0,1
"275",17,0,4,3,2,1,1,4,10,10,0,0,0,0,0,0,0,1,0,0,0,0,0,0,1,1,0,0,1,0,1,1,0,0
"276",18,0,4,4,4,1,1,3,10,11,0,0,0,0,0,0,0,0,0,0,0,0,0,1,0,0,0,0,1,0,0,1,0,1
"277",16,0,4,3,3,1,1,4,7,16,0,1,0,0,0,0,0,0,0,0,0,0,0,0,0,1,0,0,0,0,0,0,1,0
"278",17,0,4,3,4,1,2,5,4,11,0,0,0,0,0,0,0,0,0,0,0,0,1,0,0,0,0,0,0,0,1,0,0,0
"279",17,0,5,2,2,1,1,2,2,13,0,1,0,0,0,0,0,0,0,0,0,0,1,0,0,1,0,0,0,0,0,0,0,0
"280",22,3,5,4,5,5,5,1,12,5,0,1,0,0,0,0,0,0,0,0,1,0,0,0,0,1,0,0,1,1,0,1,0,0
"281",18,0,4,3,3,1,3,5,8,10,0,1,1,1,0,0,0,0,0,0,0,0,0,0,0,0,0,0,0,0,0,1,0,0
"282",16,0,4,3,2,2,4,5,0,11,0,1,0,0,0,0,0,0,0,0,1,0,0,0,0,1,0,0,1,0,0,0,0,0
"283",18,0,4,4,5,2,4,5,8,7,0,1,0,0,0,0,0,0,0,0,0,0,0,0,0,1,0,0,0,1,0,0,0,0
"284",16,1,5,3,3,1,3,2,4,10,0,1,0,0,0,0,0,1,0,0,0,1,0,1,1,0,0,0,1,0,0,0,1,0
"285",18,2,3,2,5,2,5,5,4,6,0,1,0,0,0,0,0,0,0,0,1,0,0,0,0,1,0,0,1,1,0,0,0,0
"286",16,0,3,3,2,1,3,3,2,12,0,1,1,0,0,0,0,0,0,0,0,0,0,0,0,1,0,1,1,0,1,0,0,0
"287",17,0,4,4,2,2,4,5,0,13,0,1,1,0,0,0,0,0,0,0,0,0,0,0,0,1,0,0,1,0,0,0,0,0
"288",17,1,4,4,4,1,2,5,0,10,0,1,0,1,0,0,0,0,0,0,0,0,0,0,0,0,0,1,0,0,0,0,0,0
"289",18,0,4,3,4,1,3,5,2,13,0,0,0,1,1,0,0,0,0,0,0,0,0,0,0,0,0,0,1,0,0,1,0,0
"290",17,0,4,2,3,1,1,4,2,17,0,0,0,1,0,1,0,0,0,0,0,1,0,0,0,0,0,1,0,0,0,0,0,1
"291",19,0,4,3,3,1,1,5,0,11,0,0,0,0,0,0,0,0,0,1,0,0,0,0,0,0,0,0,0,0,0,0,0,0
"292",18,1,4,4,5,4,4,5,4,11,0,1,0,1,0,0,0,0,0,0,0,0,0,0,0,1,0,1,1,1,0,0,1,0
"293",17,0,4,3,4,1,3,5,2,14,0,0,1,0,0,1,0,0,0,0,0,0,0,0,0,0,0,1,0,0,0,0,0,1
"294",18,0,4,4,3,2,3,3,4,14,0,0,0,1,0,0,0,0,1,1,0,0,0,0,0,0,0,0,1,0,1,0,0,1
"295",18,0,3,2,3,1,1,5,4,13,0,0,1,0,0,0,0,0,0,1,0,0,0,0,1,1,0,0,0,0,1,0,0,0
"296",19,0,4,3,1,1,1,1,4,14,0,1,0,1,1,1,0,0,1,0,0,1,0,0,0,0,0,0,0,0,0,0,0,0
"297",18,0,5,2,4,1,2,4,2,16,0,1,0,0,0,0,0,0,0,1,0,0,0,0,0,1,0,1,0,0,0,0,0,0
"298",17,0,5,2,2,1,1,4,0,10,0,1,1,0,0,0,0,0,0,0,1,0,0,0,0,1,0,0,1,1,1,0,0,0
"299",17,0,3,4,1,1,1,2,2,12,0,0,0,1,0,0,0,0,0,0,0,0,1,0,0,1,0,1,0,0,0,1,0,1
"300",20,0,1,2,3,1,2,2,8,12,0,0,1,0,0,0,0,0,0,0,0,0,0,1,0,0,1,1,0,1,0,1,0,0
"301",18,0,3,1,2,1,3,2,2,15,0,0,0,0,0,1,0,0,0,1,0,0,1,0,0,0,0,0,0,0,0,1,0,0
"302",18,0,4,3,2,1,1,3,2,11,0,1,0,0,0,1,0,0,0,0,0,0,0,0,0,0,0,0,1,0,0,0,0,0
"303",18,0,5,3,2,1,1,3,2,12,0,1,1,0,0,0,0,0,0,0,0,0,0,0,0,1,0,1,1,0,1,0,0,1
"304",17,0,3,2,3,1,1,4,2,13,0,0,0,0,0,0,0,0,0,1,0,0,0,0,0,1,0,1,1,0,1,0,0,1
"305",18,0,4,3,3,1,1,3,0,13,0,0,0,0,0,0,0,1,0,1,0,0,0,0,0,0,0,1,0,0,0,1,0,1
"306",17,0,4,4,4,2,3,4,8,9,0,1,0,0,0,0,0,0,0,1,0,0,1,0,0,1,0,0,0,1,0,0,0,0
"307",18,0,4,2,5,3,4,1,6,16,0,1,1,1,1,0,1,0,0,0,0,1,0,0,0,0,0,1,0,0,0,0,0,0
"308",17,0,5,4,4,3,4,5,0,14,0,1,0,0,0,0,0,0,0,0,1,0,0,0,0,1,0,1,0,0,0,1,0,0
"309",18,0,4,3,4,2,2,4,8,12,0,0,1,0,0,1,1,0,0,0,0,1,0,0,0,1,0,1,0,0,0,0,0,0
"310",18,0,5,4,5,1,3,5,4,14,0,1,0,0,0,1,0,0,0,0,0,1,1,0,0,0,0,1,0,0,0,1,0,0
"311",18,0,4,3,5,1,2,3,12,10,0,0,1,0,0,0,0,0,0,0,0,1,0,0,0,0,0,0,0,1,0,1,0,0
"312",19,0,4,3,5,3,3,5,16,12,0,0,0,0,0,0,0,0,0,1,0,0,0,1,0,0,0,1,0,0,0,0,0,0
"313",18,0,4,5,5,1,3,2,10,16,0,0,0,0,0,0,0,0,0,0,0,1,1,0,0,0,0,1,0,0,0,1,0,1
"314",18,0,4,4,3,1,1,3,2,13,0,0,0,1,0,0,0,0,0,1,0,0,0,0,0,0,0,0,1,0,1,0,0,0
"315",17,0,3,5,2,2,2,1,2,18,0,1,1,0,0,0,0,1,1,1,0,0,0,0,0,0,0,1,1,0,1,1,0,0
"316",18,0,4,2,5,1,2,1,8,15,0,0,0,0,0,0,0,0,0,1,0,0,0,0,0,0,0,0,0,0,0,1,0,0
"317",17,0,4,3,3,1,1,1,6,16,0,0,0,0,0,0,1,1,0,0,0,1,0,0,0,0,0,0,0,0,0,1,0,0
"318",17,0,4,4,4,2,3,5,6,12,0,0,0,1,0,0,0,0,0,0,0,0,0,0,1,0,0,0,0,0,0,1,0,0
"319",18,0,4,1,1,1,1,5,15,10,0,0,1,0,1,0,0,0,0,1,0,0,0,0,0,1,0,0,1,1,0,1,0,0
"320",18,0,3,2,4,1,4,3,6,12,0,1,0,0,0,1,1,0,0,1,0,0,0,0,0,1,0,1,0,0,0,0,0,0
"321",18,1,2,4,4,1,1,4,2,13,0,0,0,0,0,1,1,0,0,0,0,1,1,0,1,0,0,1,0,0,0,1,0,0
"322",17,0,4,2,3,1,1,1,8,15,0,0,0,0,0,0,0,0,0,0,0,1,1,0,0,0,0,0,0,0,0,1,1,1
"323",19,1,3,3,3,4,3,3,0,10,0,0,1,0,0,0,0,0,0,0,0,1,1,0,1,0,0,0,0,1,0,0,0,0
"324",18,0,4,2,3,1,2,1,0,10,0,1,0,1,0,1,0,0,0,0,0,0,0,0,0,1,0,1,0,0,0,0,0,0
"325",18,0,3,4,4,2,4,4,10,11,0,1,0,0,0,0,0,1,0,1,0,0,0,1,0,1,0,0,1,1,0,0,0,0
"326",17,0,4,5,4,2,4,5,22,10,0,1,0,1,1,1,0,0,0,1,0,0,0,0,0,1,0,1,0,0,0,1,0,0
"327",17,0,4,4,4,3,4,3,18,13,0,1,0,1,1,0,0,0,0,1,0,0,0,0,0,1,0,0,0,0,0,0,0,0
"328",18,0,5,2,2,1,1,3,2,18,0,0,1,1,0,0,0,1,0,0,0,1,0,0,0,0,0,1,0,0,1,0,0,1
"329",18,0,5,4,4,1,1,4,0,13,0,0,0,0,0,0,0,0,0,1,0,0,0,0,1,1,0,1,0,0,0,0,0,0
"330",17,0,5,4,5,1,2,5,12,14,0,0,0,0,0,0,0,0,0,0,0,0,0,0,0,0,0,0,1,0,0,0,0,0
"331",18,0,4,3,1,1,1,5,10,14,0,0,0,0,0,0,0,0,0,0,0,1,0,0,0,1,0,1,0,0,0,1,0,0
"332",17,0,4,3,3,1,2,4,0,12,0,1,0,0,0,0,0,0,0,0,0,1,1,0,0,1,0,0,1,0,0,0,0,0
"333",18,0,4,3,3,1,2,2,0,18,0,0,0,0,0,0,0,1,1,0,1,0,0,0,0,0,0,0,0,0,0,0,0,1
"334",17,0,4,3,3,1,1,3,0,14,0,0,0,0,0,0,0,0,0,0,0,1,0,0,0,0,0,0,0,0,0,0,0,1
"335",18,0,4,2,4,1,3,2,0,15,0,1,0,0,0,0,0,0,0,0,0,1,0,0,0,1,0,1,0,0,0,0,0,1
"336",18,0,5,4,3,1,1,2,0,17,0,1,0,1,1,1,1,0,0,0,0,1,0,0,0,0,0,1,0,0,0,0,0,0
"337",18,0,4,3,2,1,4,5,2,16,0,1,0,0,0,1,0,0,0,1,0,0,0,0,0,0,0,1,0,0,0,1,0,0
"338",17,0,4,2,2,1,2,3,0,18,0,0,0,0,0,1,0,0,0,0,0,1,0,0,0,0,0,0,0,0,0,0,0,1
"339",17,0,3,1,2,1,1,3,0,19,0,0,1,1,0,0,0,0,0,0,0,1,0,0,0,0,0,0,0,0,1,0,0,1
"340",18,0,5,4,2,1,1,4,0,15,0,1,1,1,0,0,0,0,0,0,0,1,0,0,0,0,0,1,0,0,0,0,0,1
"341",17,0,4,4,3,1,3,5,0,15,0,1,0,0,0,0,0,0,0,1,0,0,0,0,0,0,0,0,0,0,0,0,0,0
"342",19,0,2,3,4,2,3,2,2,13,0,0,0,0,0,1,1,0,0,0,0,1,0,1,0,0,0,1,0,0,0,0,0,0
"343",18,0,4,4,5,1,2,2,0,14,0,0,0,1,0,1,0,0,0,1,0,0,0,1,0,0,0,0,0,0,0,1,0,0
"344",18,0,4,3,3,1,1,3,0,17,0,0,0,0,0,1,0,0,0,0,0,1,1,0,0,0,0,0,0,0,0,0,0,1
"345",18,0,1,4,2,2,2,1,0,17,0,1,0,1,0,1,1,0,0,1,0,0,0,0,0,0,0,0,0,0,0,1,0,0
"346",18,0,4,2,4,1,1,4,0,15,0,0,0,1,1,1,1,0,0,1,0,0,0,0,0,0,1,0,0,0,0,1,0,0
"347",17,0,4,1,1,2,2,5,0,13,0,1,0,1,0,1,1,0,0,1,0,0,1,0,0,1,0,0,0,0,0,0,0,0
"348",17,0,5,3,4,1,1,5,0,8,0,0,1,0,0,1,1,0,0,0,0,1,0,0,0,0,0,1,0,0,0,0,0,1
"349",17,0,4,3,3,1,1,3,0,16,0,0,0,0,0,1,0,0,0,0,0,1,0,0,0,0,0,0,0,0,0,0,0,1
"350",17,0,5,2,2,1,2,5,0,18,0,0,0,0,0,0,0,0,0,0,0,1,1,0,0,0,0,1,1,0,0,0,0,1
"351",19,1,4,3,1,1,1,5,0,11,0,1,1,1,0,0,0,1,0,0,0,0,0,0,0,1,0,1,0,0,0,1,0,1
"352",20,2,5,5,3,1,1,5,0,15,0,1,0,0,1,0,0,0,0,0,0,0,0,1,0,1,0,1,0,0,1,0,0,0
"353",19,0,4,5,3,1,2,5,0,11,0,1,1,0,0,0,0,0,0,0,0,1,1,0,0,1,0,1,0,0,1,1,0,0
"354",18,0,3,4,4,1,2,5,2,11,0,0,0,0,0,0,1,0,0,1,0,0,0,0,1,0,0,0,1,0,1,1,0,0
"355",18,0,5,3,3,1,2,1,2,15,0,0,0,0,0,0,0,0,0,0,0,0,0,0,0,0,0,1,0,0,0,0,0,0
"356",17,0,4,2,1,1,1,3,2,14,0,0,0,0,0,0,0,0,0,0,0,0,1,0,0,1,0,1,0,0,0,1,0,0
"357",17,0,4,4,4,1,1,5,2,17,0,0,1,0,0,1,1,0,0,0,0,0,0,0,0,1,0,1,0,0,0,0,0,0
"358",18,0,4,3,4,1,1,5,2,17,0,0,0,0,0,1,0,0,0,0,0,0,0,0,0,0,0,1,0,0,0,1,0,1
"359",18,0,3,2,4,1,4,1,8,15,0,0,0,1,0,1,0,0,0,0,0,0,0,0,0,0,0,0,0,0,0,0,0,0
"360",17,0,4,3,4,2,5,5,2,17,0,0,1,0,0,0,1,1,0,0,0,0,1,0,0,0,0,1,1,0,0,0,0,1
"361",18,0,4,1,4,1,1,3,8,14,0,0,0,0,0,0,0,1,0,0,0,0,1,0,0,0,0,0,0,0,0,0,0,0
"362",19,0,5,4,4,1,1,1,9,10,0,1,0,0,0,1,0,0,0,0,0,0,0,0,0,0,0,1,0,0,0,1,0,0
"363",18,0,4,4,4,3,3,5,0,13,0,0,0,0,0,1,1,0,0,0,0,0,0,0,0,0,0,0,0,0,0,0,0,0
"364",18,0,5,4,4,1,1,1,4,14,0,0,0,0,0,0,1,0,0,0,0,0,0,0,0,0,0,1,0,0,0,1,0,0
"365",17,0,5,3,4,1,2,5,2,17,0,0,0,0,0,1,1,0,0,0,0,0,0,0,0,1,0,1,0,0,0,0,0,0
"366",17,0,5,2,2,1,2,5,14,17,0,0,0,0,1,1,0,0,0,0,0,0,0,0,0,0,0,0,0,0,0,1,0,0
"367",17,0,5,3,3,1,1,5,0,13,0,0,0,1,1,0,0,0,0,1,0,0,0,0,1,0,0,0,0,0,0,0,0,0
"368",17,0,4,2,3,2,2,2,2,14,0,0,0,1,0,0,0,0,0,1,0,0,1,0,0,1,0,1,0,0,0,0,0,0
"369",18,0,4,2,5,3,4,5,2,11,0,1,0,1,0,1,1,0,0,0,0,1,1,0,0,0,0,0,0,0,0,0,0,0
"370",19,0,1,5,5,4,3,5,12,11,0,0,0,0,0,0,0,0,0,0,0,0,0,1,0,1,0,1,0,1,1,1,1,1
"371",19,2,5,3,4,1,1,4,2,9,0,0,0,1,1,0,0,0,0,0,0,0,0,1,0,0,0,0,1,0,0,1,1,0
"372",18,0,4,3,5,2,4,5,2,10,0,0,0,0,0,0,0,0,0,0,0,0,0,0,0,0,0,1,0,0,0,1,0,0
"373",17,0,4,2,2,1,1,3,4,13,0,0,0,0,0,0,0,0,0,0,0,0,0,0,0,0,0,0,0,0,1,1,0,0
"374",17,0,3,3,2,2,2,3,0,10,0,0,1,1,0,0,0,0,0,0,0,0,0,0,0,0,0,1,0,0,0,0,0,1
"375",17,0,3,4,3,2,3,5,0,17,0,0,0,0,0,0,0,0,0,0,0,0,1,0,0,0,0,0,1,0,0,0,0,1
"376",17,0,3,3,3,2,3,2,0,15,0,0,0,1,0,0,0,1,1,1,0,0,1,0,0,1,0,0,0,0,0,0,0,1
"377",18,0,4,5,5,1,2,2,0,14,0,0,0,0,0,0,0,0,0,1,0,0,0,0,0,1,0,1,0,0,0,0,0,1
"378",18,0,4,3,3,2,2,3,0,13,0,1,0,0,0,1,1,0,0,0,0,0,0,0,0,1,0,1,0,0,0,0,0,1
"379",17,0,4,3,5,3,5,5,0,17,0,1,0,0,0,0,0,0,0,0,0,1,0,0,0,1,0,1,1,0,0,0,0,0
"380",17,0,4,4,5,5,5,4,2,10,0,1,1,0,0,0,0,0,0,0,0,0,0,0,0,0,0,0,0,0,0,0,1,0
"381",17,0,5,4,4,1,3,4,0,13,0,0,0,0,0,1,1,0,0,0,0,0,0,0,0,0,0,1,0,0,0,0,0,1
"382",17,0,4,3,3,1,2,4,4,15,0,0,0,0,0,1,1,0,0,0,0,0,0,0,0,0,0,0,1,0,0,1,0,1
"383",17,0,4,2,5,2,5,5,2,11,0,0,0,0,0,0,0,1,0,0,0,0,0,0,0,0,1,1,0,0,0,0,0,0
"384",18,0,4,5,5,2,4,5,0,12,0,1,0,1,0,0,0,0,0,0,0,0,0,0,0,0,1,1,0,0,0,0,0,1
"385",19,0,5,3,4,2,2,5,0,10,0,1,1,0,0,0,0,1,0,1,0,0,0,1,0,0,0,0,1,0,1,1,0,0
"386",18,0,4,2,5,1,1,2,2,10,0,0,0,0,0,0,0,1,0,0,0,0,0,0,0,1,0,1,0,0,1,1,1,0
"387",17,0,4,4,3,1,1,5,0,15,0,0,1,0,0,0,1,1,0,0,0,0,1,0,0,0,0,0,0,0,0,1,0,1
"388",18,0,5,4,2,1,2,5,6,15,0,1,0,0,0,0,0,0,0,0,0,1,0,0,0,1,0,0,1,0,0,0,0,0
"389",18,0,5,3,4,1,1,4,8,12,0,0,0,0,0,0,0,0,0,1,0,0,0,0,0,1,0,1,0,0,0,0,0,0
"390",18,0,4,3,3,1,1,2,0,12,0,0,0,1,0,0,0,0,0,1,0,0,0,1,0,1,0,1,1,0,0,1,0,0
"391",18,0,4,4,4,1,1,4,6,14,0,0,1,0,0,0,0,1,0,0,0,0,0,0,0,1,0,1,0,0,1,0,0,1
"392",17,0,4,4,5,1,3,5,8,14,0,0,0,0,0,0,1,0,0,0,0,0,0,0,0,1,0,0,0,0,0,0,0,1
"393",17,0,4,3,2,2,3,2,0,15,0,0,0,0,0,0,0,0,0,1,0,0,0,0,0,0,0,0,0,0,0,1,0,0
"394",18,0,5,3,3,1,1,1,4,15,0,0,0,1,0,0,0,0,0,1,0,0,0,0,0,0,0,0,0,0,0,0,0,1
"395",17,0,4,3,3,2,3,2,0,16,0,0,1,0,1,0,0,0,0,1,0,0,0,0,0,0,0,0,0,0,0,0,0,0
"396",18,0,4,3,3,2,2,2,0,13,0,1,0,0,0,1,1,0,0,1,0,0,1,0,0,0,0,1,0,0,0,0,0,0
"397",18,0,4,3,3,1,3,5,6,17,0,1,0,1,0,0,1,0,0,1,0,0,0,0,0,1,0,1,0,0,0,1,0,0
"398",17,0,3,3,1,1,2,4,18,14,0,0,0,0,1,0,0,1,1,1,0,0,1,0,0,0,0,0,0,0,0,1,0,0
"399",18,0,4,3,3,1,2,3,0,14,0,0,0,0,0,0,0,1,0,0,0,0,0,0,0,0,0,0,0,0,0,0,0,1
"400",18,0,5,4,3,2,3,1,4,17,0,0,0,0,0,0,0,0,0,0,1,0,0,0,0,1,0,0,0,0,0,1,0,1
"401",18,0,5,3,2,1,2,4,4,17,0,1,1,0,0,1,0,0,0,0,0,0,0,0,0,1,0,0,0,0,0,1,0,1
"402",18,0,5,4,5,2,3,5,0,14,0,1,0,0,0,1,0,0,0,0,0,0,0,0,0,0,0,0,0,0,0,1,0,1
"403",17,0,4,4,3,1,3,4,0,13,0,0,0,0,0,1,0,0,0,0,0,1,0,0,0,0,0,1,0,0,0,1,0,1
"404",17,0,4,3,4,2,2,1,10,15,0,0,0,0,0,0,0,0,0,0,0,0,0,0,0,0,0,1,0,0,0,1,0,0
"405",17,0,4,3,5,2,4,4,4,16,0,0,0,0,0,0,0,0,0,0,0,1,0,0,0,0,0,1,0,0,0,0,0,0
"406",19,1,2,2,3,3,4,5,16,11,0,0,0,1,1,0,0,1,0,1,0,0,0,1,0,1,0,0,0,1,0,0,0,0
"407",17,1,4,1,2,1,1,3,6,13,0,0,0,0,0,0,0,0,1,1,0,0,0,0,0,0,1,0,0,0,0,1,0,0
"408",21,2,3,3,2,1,1,5,0,12,0,0,0,1,0,1,1,0,0,0,0,1,0,1,0,1,1,1,0,0,0,0,0,1
"409",18,0,4,4,4,1,3,3,11,12,0,1,0,1,0,0,0,0,0,0,0,1,0,0,0,0,0,1,1,1,0,0,0,0
"410",18,0,4,3,5,1,4,2,9,15,0,1,0,1,1,0,1,0,0,0,0,1,0,1,0,1,0,1,0,0,0,1,0,0
"411",17,0,4,3,4,1,3,4,0,17,0,0,0,0,0,0,0,0,0,0,0,1,0,0,0,0,0,1,0,0,0,0,0,0
"412",17,0,4,4,2,1,2,4,2,15,0,1,0,1,1,1,1,0,0,0,0,1,0,0,0,0,0,0,0,0,0,0,0,1
"413",18,0,4,2,2,1,1,3,0,17,0,0,0,1,0,1,0,0,0,0,0,0,0,0,0,0,0,1,0,0,0,0,0,0
"414",21,2,5,3,3,5,2,4,21,10,0,1,1,1,0,0,0,1,0,0,0,0,0,1,0,0,0,1,0,1,0,1,0,0
"415",20,0,3,2,2,1,3,3,8,15,0,0,1,0,0,0,0,0,0,0,0,1,0,1,0,1,0,0,0,0,0,1,0,1
"416",19,1,3,2,5,4,4,5,5,11,0,0,0,0,0,1,1,0,0,1,0,0,0,1,0,0,0,0,0,0,0,1,0,0
"417",17,0,4,4,4,1,2,5,10,18,0,1,0,1,1,0,0,0,0,0,0,1,0,0,0,0,0,0,0,0,0,0,0,0
"418",18,0,4,3,4,1,2,2,5,17,0,0,0,0,0,0,0,1,0,0,0,1,1,0,0,0,0,0,0,0,0,1,0,1
"419",18,0,3,1,3,4,5,4,13,14,0,1,1,0,0,0,0,0,0,0,0,1,1,0,0,1,0,0,0,0,0,0,0,0
"420",19,0,5,3,4,1,4,4,10,11,0,1,0,0,0,0,0,0,0,0,0,1,0,0,0,1,0,0,0,0,0,0,0,0
"421",18,0,4,1,4,1,3,4,10,17,0,0,0,1,1,0,0,0,0,0,0,1,0,0,0,0,0,0,0,0,0,0,0,0
"422",20,1,5,3,1,1,1,5,5,10,0,0,0,0,0,0,0,0,0,0,0,1,0,0,1,1,0,0,0,0,0,1,0,0
"423",18,0,3,1,2,1,2,1,4,13,0,0,0,0,0,0,0,0,0,1,0,0,0,0,0,0,0,1,1,0,0,1,0,0
"424",16,0,4,3,3,1,3,5,11,11,1,0,0,0,0,0,0,1,0,0,1,0,1,0,0,0,0,0,0,1,0,1,0,0
"425",16,0,4,4,4,1,1,5,0,12,1,0,1,0,0,0,0,0,0,0,0,0,0,0,0,0,0,1,0,0,0,0,0,0
"426",15,1,4,1,3,1,1,2,6,10,1,0,1,0,0,0,0,1,0,0,1,0,0,0,0,0,0,0,0,0,1,1,0,0
"427",15,0,5,4,4,2,3,5,4,11,1,0,1,0,0,0,0,1,0,0,0,0,0,0,0,0,0,0,0,0,0,0,0,0
"428",16,0,4,5,2,1,2,5,0,17,1,0,1,0,0,0,0,1,0,0,0,0,0,0,0,1,0,0,0,0,1,0,0,0
"429",15,0,1,3,4,1,1,1,0,9,1,0,1,1,0,0,0,1,0,1,0,0,0,0,0,1,0,0,0,1,1,0,0,0
"430",16,0,5,3,2,1,3,2,5,11,1,1,1,1,1,1,1,1,0,1,0,0,0,0,0,0,0,0,0,0,1,0,0,0
"431",16,0,4,4,3,1,1,5,0,11,1,1,0,0,1,0,0,0,0,0,1,0,0,0,1,1,0,0,0,0,0,0,0,1
"432",17,1,4,5,4,1,2,5,0,10,1,0,1,0,0,0,0,1,0,0,0,0,1,0,0,1,0,0,0,0,1,1,0,0
"433",17,1,5,4,4,2,2,5,0,7,1,0,1,0,0,0,0,0,0,0,1,0,1,0,0,0,0,0,1,1,0,0,0,0
"434",15,0,1,5,1,3,5,5,0,14,1,0,1,0,0,1,1,0,0,0,0,0,0,0,0,1,0,0,0,0,0,1,0,0
"435",16,0,1,2,1,1,1,1,4,11,1,0,0,1,1,0,0,1,0,0,0,1,0,0,0,1,0,1,1,1,1,1,0,1
"436",15,0,5,4,3,1,2,4,0,10,1,0,1,1,0,0,0,1,0,0,0,1,1,0,0,0,0,0,0,0,0,0,0,0
"437",15,1,4,4,3,1,2,2,4,8,1,0,1,1,0,0,0,0,0,0,0,0,0,0,0,0,0,0,0,0,0,1,0,0
"438",16,0,3,2,3,1,2,2,0,12,1,0,1,0,0,0,0,0,0,0,1,0,0,0,0,0,0,1,0,0,1,0,0,0
"439",17,0,5,5,5,1,3,3,2,12,1,0,1,0,0,0,0,0,0,0,0,0,0,0,0,0,0,0,0,0,0,0,0,0
"440",15,0,4,1,3,1,1,4,0,16,1,0,1,0,0,0,0,0,0,0,0,0,1,0,0,1,0,0,1,0,0,0,0,0
"441",16,0,5,4,5,4,5,3,0,0,1,1,0,0,0,0,0,1,0,1,0,0,0,0,0,0,0,1,0,0,1,1,0,0
"442",17,0,4,4,3,2,4,5,4,9,1,1,0,0,0,0,0,0,0,1,0,0,0,0,0,1,1,0,1,0,0,0,0,0
"443",15,0,5,3,4,1,2,2,0,14,1,1,1,1,0,1,0,0,0,0,0,1,1,0,0,0,0,1,0,0,0,0,0,0
"444",15,0,5,3,4,1,2,2,7,8,1,1,1,1,0,1,0,0,0,0,0,1,1,0,0,0,0,1,0,0,0,0,0,0
"445",16,0,3,4,5,1,2,5,4,11,1,1,1,0,0,0,1,0,0,0,1,0,0,0,0,1,0,0,1,0,1,0,1,0
"446",15,0,5,4,5,2,4,4,8,9,1,1,1,0,0,0,0,0,0,0,0,0,0,0,0,0,0,1,0,0,1,1,1,0
"447",15,0,5,3,3,1,1,5,0,11,1,1,0,1,0,0,0,1,1,0,0,1,1,0,0,0,0,1,0,0,0,0,0,0
"448",17,0,5,5,5,5,5,3,8,9,1,1,1,0,0,0,0,0,0,0,1,0,0,0,0,1,0,1,0,1,1,1,1,0
"449",16,0,4,2,2,1,1,4,6,17,1,0,1,0,0,1,1,0,0,0,0,0,0,0,0,1,0,1,0,0,0,1,0,1
"450",15,0,5,1,2,1,1,1,3,13,1,0,1,0,0,0,0,0,0,0,0,0,0,0,0,1,0,0,0,0,1,0,0,0
"451",16,0,4,5,4,1,2,1,2,15,1,0,1,0,0,0,0,0,0,0,0,0,0,0,0,0,0,0,0,0,0,0,1,0
"452",16,0,4,3,3,1,1,5,0,11,1,1,1,0,0,0,0,0,0,0,0,0,1,0,0,1,0,0,0,0,1,0,0,0
"453",16,0,4,4,5,1,1,4,4,11,1,0,1,0,0,0,0,0,0,0,0,0,0,0,0,0,0,0,0,0,0,0,1,0
"454",16,1,1,3,2,1,2,4,0,8,1,0,0,0,0,0,0,0,0,0,0,0,0,0,0,0,0,0,0,0,1,0,0,1
"455",16,1,1,3,2,1,2,4,3,8,1,0,0,0,0,0,0,0,0,0,0,0,0,0,0,0,0,0,0,0,1,0,0,1
"456",15,0,4,4,2,3,3,2,0,9,1,0,0,0,0,0,0,1,0,1,0,0,0,0,1,0,0,0,1,0,0,0,0,0
"457",16,0,5,4,3,2,1,2,0,15,1,0,0,0,0,0,0,1,0,0,0,0,1,0,0,0,0,0,1,0,1,1,0,0
"458",17,0,5,5,5,5,5,3,4,11,1,1,1,1,0,0,0,1,0,0,0,1,0,0,0,0,0,1,0,0,0,0,0,0
"459",16,0,4,3,2,1,1,1,0,13,1,0,1,0,0,0,0,0,0,1,0,0,1,0,0,0,0,0,1,0,0,0,1,1
"460",16,0,4,4,3,1,1,5,2,10,1,0,1,0,0,0,0,1,0,0,1,0,1,0,1,0,0,0,0,0,1,0,1,1
"461",15,0,4,3,3,1,1,2,1,11,1,0,1,0,0,0,0,1,0,1,0,0,1,0,0,0,0,1,0,0,0,0,0,0
"462",16,0,4,2,2,4,3,2,0,14,1,0,1,0,0,0,0,1,0,0,1,0,0,0,0,1,0,1,0,0,0,1,0,0
"463",15,0,4,2,1,1,2,2,0,14,1,0,1,0,0,0,0,1,1,0,0,0,1,0,0,0,0,0,0,0,1,0,1,0
"464",15,0,4,4,3,2,2,5,2,12,1,0,1,1,0,0,0,0,0,0,1,0,1,0,1,0,0,0,0,0,1,0,0,1
"465",16,0,3,4,4,3,4,5,6,11,1,1,1,0,0,0,0,1,0,0,1,0,1,0,0,1,0,1,0,0,1,0,0,0
"466",18,1,3,4,4,2,3,5,9,8,1,0,0,0,0,0,0,0,0,0,0,0,1,0,0,0,0,1,0,0,0,1,0,0
"467",15,0,3,2,3,1,3,4,0,11,1,1,0,0,0,0,0,0,0,1,0,0,0,0,0,0,0,0,0,0,1,0,0,0
"468",16,0,5,3,4,1,1,2,1,14,1,0,1,0,0,0,0,0,0,0,0,0,1,0,0,0,0,1,0,0,0,0,1,0
"469",15,0,4,3,3,1,2,4,1,13,1,1,0,0,0,0,0,0,0,0,0,1,0,0,0,1,0,0,0,0,1,0,1,0
"470",16,0,4,3,1,1,1,3,0,13,1,1,0,0,0,1,1,0,0,0,0,0,1,0,0,0,0,1,0,0,1,1,0,0
"471",15,0,4,5,4,1,1,1,4,12,1,0,1,0,0,0,0,0,0,0,0,1,0,0,0,0,0,0,0,0,0,1,0,0
"472",16,1,4,4,4,2,3,5,2,12,1,0,1,0,0,0,0,1,0,0,0,0,0,0,0,0,0,1,1,0,1,0,0,0
"473",16,0,4,3,2,1,1,4,0,16,1,0,1,1,0,0,0,0,0,1,0,0,1,0,0,0,0,1,0,0,1,1,1,0
"474",16,0,2,4,3,2,3,4,4,10,1,1,0,1,0,0,0,1,0,0,0,0,0,0,0,0,0,1,0,0,0,0,0,0
"475",15,0,4,2,4,3,5,3,2,11,1,1,1,1,0,0,0,1,0,0,0,1,1,0,0,0,0,1,0,0,0,0,1,0
"476",15,0,5,3,2,1,1,4,0,14,1,0,0,0,0,0,0,0,0,0,0,0,0,0,0,0,0,1,0,0,1,0,0,1
"477",16,0,5,4,3,1,1,5,2,8,1,0,1,1,0,0,0,0,0,1,0,0,0,0,0,0,0,0,0,0,0,1,0,0
"478",15,0,4,3,3,2,4,3,11,11,1,1,0,0,0,0,0,0,0,0,0,0,1,0,0,0,0,1,1,0,0,0,0,0
"479",16,3,3,4,3,1,1,1,0,8,1,0,1,0,0,0,0,1,0,0,0,0,1,0,1,0,0,0,0,0,1,0,0,0
"480",17,0,4,5,3,1,1,5,4,10,1,0,0,0,0,0,0,0,1,0,0,0,0,0,0,0,0,1,0,1,1,0,0,0
"481",19,1,4,4,4,1,1,2,0,10,1,0,0,0,0,0,0,1,0,0,0,0,0,1,0,1,0,0,0,1,0,1,0,0
"482",17,0,5,5,3,1,1,3,2,11,1,0,1,0,0,0,0,1,0,0,0,0,0,0,0,0,0,1,0,1,1,1,1,0
"483",15,0,5,2,1,1,3,4,0,9,1,0,1,1,0,0,0,1,0,0,0,0,0,0,0,0,0,0,0,1,1,1,0,0
"484",16,0,3,4,5,1,2,1,1,11,1,0,1,0,0,0,0,0,0,0,0,0,1,0,0,0,0,0,0,1,0,0,1,0
"485",16,0,4,3,4,1,2,1,6,8,1,0,0,1,1,0,0,0,0,1,0,0,0,0,0,0,0,0,0,1,1,0,0,0
"486",17,0,4,3,5,1,2,4,0,11,1,0,1,0,0,0,0,1,0,0,0,0,0,0,0,0,0,0,0,0,0,0,0,0
"487",16,1,4,4,3,1,4,3,1,10,1,0,0,0,0,0,0,0,0,0,0,0,1,0,0,0,1,1,1,0,0,0,0,0
"488",18,2,3,3,2,1,1,2,6,10,1,0,1,1,1,0,0,0,0,0,0,0,0,1,0,0,0,0,1,1,1,1,0,1
"489",19,1,5,3,1,1,1,3,6,9,1,0,0,0,0,0,0,1,0,0,0,0,0,0,0,1,0,1,0,1,1,1,0,1
"490",18,1,4,4,3,3,4,4,0,10,1,1,1,0,0,0,0,0,0,1,0,0,0,0,0,1,0,1,0,1,0,0,0,0
"491",18,1,3,2,3,1,1,2,4,10,1,0,1,0,0,0,0,1,1,0,0,0,0,0,0,1,0,0,1,1,0,1,0,0
"492",19,1,1,1,4,4,1,1,12,9,1,0,0,0,0,0,0,0,0,0,0,0,0,1,0,0,0,0,0,0,0,1,0,0
"493",16,0,3,3,2,1,1,3,2,10,1,0,1,0,1,0,0,0,0,0,0,0,0,0,0,1,0,0,1,0,1,1,0,0
"494",17,0,2,4,4,3,5,5,5,10,1,0,0,0,0,0,0,0,1,0,0,0,1,0,0,1,0,1,1,0,1,0,0,0
"495",16,0,4,4,5,1,3,3,0,9,1,0,1,1,0,0,0,1,0,0,0,0,0,0,0,1,0,1,0,1,0,0,0,0
"496",16,0,4,5,4,1,1,4,0,13,1,0,0,0,0,0,0,0,0,0,0,1,0,0,0,1,0,1,0,1,0,1,0,0
"497",16,0,4,4,4,2,2,4,2,14,1,0,1,1,0,0,0,0,0,1,0,0,0,0,0,0,0,1,0,0,0,1,0,0
"498",17,1,5,4,5,3,4,5,0,10,1,1,0,0,0,0,0,0,1,0,0,0,0,0,0,0,1,1,0,0,1,0,0,1
"499",16,0,5,3,3,1,1,1,0,14,1,0,0,0,0,0,0,0,0,0,0,0,0,0,0,0,0,1,0,0,0,0,0,0
"500",16,0,4,2,5,1,2,5,0,16,1,0,0,0,0,0,0,0,0,0,0,0,0,0,0,0,1,1,0,0,1,1,0,0
"501",17,1,5,3,5,5,5,1,12,7,1,1,0,0,0,0,0,0,0,0,0,0,1,0,0,0,0,1,0,1,0,1,0,0
"502",16,0,4,2,5,1,5,5,8,13,1,1,0,1,0,1,0,0,0,0,0,0,1,0,0,1,0,1,0,0,0,0,0,0
"503",17,1,1,3,5,3,5,3,2,9,1,1,1,1,0,0,0,0,0,0,1,0,0,0,0,0,0,0,0,0,1,0,1,1
"504",16,0,2,2,1,1,1,5,0,14,1,0,0,0,0,0,0,0,0,0,0,0,0,1,1,0,0,1,0,0,0,0,0,1
"505",19,0,5,4,5,1,1,1,0,13,1,0,0,1,0,0,0,0,0,1,0,0,0,0,0,1,0,0,0,0,0,1,0,1
"506",17,0,4,4,5,1,2,5,0,11,1,0,1,0,0,0,0,1,0,0,0,1,0,0,0,0,0,1,1,0,0,1,0,0
"507",20,1,3,3,4,2,4,3,8,10,1,0,0,0,0,0,0,1,0,0,1,0,0,0,0,1,0,1,0,0,0,1,0,0
"508",17,0,4,3,3,1,1,3,0,10,1,0,0,1,0,0,0,0,0,0,0,0,1,0,0,0,0,0,0,0,1,1,0,1
"509",17,1,4,4,5,1,2,5,0,9,1,1,1,0,0,0,0,0,0,0,0,0,0,0,0,0,0,0,1,0,0,0,1,0
"510",16,0,5,3,2,1,1,1,0,18,1,0,1,1,0,0,0,1,0,0,0,0,1,0,0,0,0,0,0,0,1,0,1,0
"511",17,0,5,3,2,1,1,1,0,17,1,0,1,0,0,0,0,0,0,0,0,1,0,0,0,0,0,1,0,0,1,0,0,0
"512",17,0,4,4,5,1,1,4,1,10,1,0,0,0,1,0,0,0,0,0,1,0,0,0,0,1,0,0,0,0,0,1,0,0
"513",18,1,4,3,2,1,1,5,9,7,1,0,1,0,0,0,0,1,0,0,1,0,0,0,0,0,0,0,0,0,0,1,0,0
"514",16,0,3,1,3,1,3,1,0,8,1,0,0,0,0,0,0,0,0,0,0,0,0,0,0,1,0,1,0,0,0,0,0,0
"515",16,0,3,1,3,1,4,3,2,7,1,0,0,0,0,0,0,0,1,0,0,0,0,0,0,1,0,0,0,0,0,0,0,0
"516",18,0,2,3,5,1,4,3,8,10,1,0,0,1,0,0,0,0,1,0,0,1,0,0,1,1,0,0,0,0,1,0,0,0
"517",16,0,4,3,3,2,3,2,0,16,1,0,1,0,0,1,1,0,0,0,0,1,1,0,0,1,0,1,1,0,0,1,0,0
"518",16,0,5,4,5,1,4,2,0,15,1,0,1,1,0,0,0,0,0,0,0,1,0,0,0,1,0,1,0,0,0,0,0,0
"519",18,1,2,3,2,1,3,1,8,8,1,0,0,0,1,0,1,0,0,0,0,1,1,0,0,0,0,0,0,0,0,0,0,0
"520",16,0,5,2,1,1,1,2,0,0,1,1,1,0,0,0,0,0,0,0,0,1,0,0,0,1,0,1,0,0,0,0,0,0
"521",16,0,4,3,2,1,3,5,6,8,1,0,0,1,0,0,0,1,0,0,1,0,0,0,0,0,0,0,0,0,0,0,1,0
"522",16,0,3,3,3,1,1,2,0,10,1,0,1,0,0,0,0,1,0,0,1,0,0,0,0,0,0,1,0,0,0,0,0,0
"523",16,0,4,3,4,1,2,3,4,8,1,0,0,0,0,1,1,0,0,0,0,0,0,0,0,0,0,0,0,0,0,1,0,0
"524",18,0,5,5,5,5,5,5,2,6,1,1,0,1,0,1,1,1,0,1,0,0,0,0,0,0,0,1,0,1,0,1,0,1
"525",16,0,4,2,1,1,1,2,2,8,1,0,1,1,0,0,1,1,0,0,1,0,0,0,0,0,0,0,1,0,1,0,1,0
"526",17,0,4,4,3,1,2,5,0,16,1,1,0,1,0,1,1,0,0,1,0,0,0,0,0,0,0,0,0,0,0,0,0,1
"527",17,0,4,2,3,1,2,5,1,14,1,0,1,0,0,1,0,0,0,0,1,0,0,0,0,1,0,0,0,0,0,1,0,0
"528",16,0,5,1,3,2,2,3,0,10,1,1,0,1,0,0,0,0,0,0,1,0,0,0,0,1,0,0,0,0,1,0,1,1
"529",17,0,5,1,3,1,2,5,5,9,1,0,1,0,0,0,0,1,0,0,1,0,0,0,0,0,1,0,0,0,0,0,0,0
"530",16,0,5,1,3,1,2,5,1,11,1,0,0,1,0,1,1,0,0,0,1,0,1,0,0,0,0,0,0,0,1,0,0,0
"531",17,0,4,1,4,5,5,3,8,9,1,1,0,0,0,0,0,0,0,1,0,0,0,0,0,0,0,1,0,0,0,0,0,0
"532",17,0,5,1,3,3,3,1,0,10,1,1,0,0,0,0,0,1,0,0,1,0,0,0,0,1,0,0,0,0,0,1,1,0
"533",16,0,4,2,2,1,4,5,2,8,1,1,0,0,0,0,0,0,0,0,1,0,0,0,0,1,0,0,1,0,0,1,0,0
"534",16,0,3,2,2,1,1,3,0,16,1,0,0,1,0,0,0,0,0,0,1,0,0,0,0,1,0,0,0,0,0,1,0,0
"535",16,0,4,1,2,2,5,5,0,12,1,1,0,1,0,1,1,0,0,0,1,0,1,0,0,0,0,0,0,0,0,0,0,0
"536",15,0,5,5,5,1,3,5,11,10,1,1,1,0,0,0,0,0,0,0,0,0,0,0,0,0,0,1,0,0,1,0,1,0
"537",15,0,5,4,5,2,3,5,8,14,1,1,0,1,1,0,0,0,0,0,0,1,0,0,0,0,0,1,0,0,1,0,1,1
"538",15,0,4,3,3,1,2,5,11,12,1,1,0,1,1,0,0,0,0,0,0,0,0,0,0,1,0,1,0,0,0,0,0,0
"539",16,0,4,3,3,2,2,5,2,11,1,0,1,1,0,0,0,0,0,0,0,0,0,0,0,0,0,0,1,0,1,1,0,1
"540",16,0,1,2,4,2,2,1,8,10,1,0,0,1,0,1,0,0,0,1,0,0,0,0,0,0,0,1,0,0,0,0,0,0
"541",17,0,4,3,3,2,2,1,5,11,1,0,0,0,0,0,0,1,0,1,0,0,0,0,0,1,0,0,0,0,1,1,0,0
"542",17,0,5,1,3,1,1,5,0,11,1,0,1,0,0,0,0,0,0,0,1,0,0,0,1,1,1,0,0,0,1,0,0,0
"543",16,0,5,3,5,1,4,5,1,12,1,0,0,0,0,1,1,0,0,0,0,0,0,0,0,0,0,0,0,0,0,1,0,1
"544",17,3,3,3,3,1,3,5,2,8,1,1,1,0,0,1,1,0,0,0,0,0,1,0,0,1,0,1,0,0,0,1,1,0
"545",17,0,5,1,2,3,3,5,2,12,1,1,1,1,0,0,0,0,0,0,0,0,1,0,0,1,0,1,0,0,1,1,0,0
"546",17,1,5,4,4,3,4,5,8,8,1,1,0,0,0,0,1,0,0,0,1,0,0,0,0,0,0,1,1,0,0,1,0,0
"547",17,0,5,2,5,1,1,5,0,16,1,0,0,0,0,1,1,0,0,0,0,0,1,0,0,0,0,0,0,0,0,0,0,0
"548",16,0,4,1,2,2,1,2,0,11,1,1,1,1,0,1,0,0,1,0,1,0,1,0,0,1,0,0,0,0,0,0,0,0
"549",17,0,4,5,5,1,2,3,2,11,1,0,0,0,1,0,0,1,1,0,1,0,0,0,0,1,0,1,0,0,0,1,0,0
"550",17,0,4,3,3,2,3,5,0,18,1,0,1,0,0,1,0,0,0,0,0,0,0,0,1,0,0,0,1,0,0,0,0,0
"551",16,0,4,1,2,2,2,5,0,13,1,1,0,1,1,0,0,0,0,0,0,0,1,0,0,0,0,0,1,0,0,1,0,0
"552",17,0,4,1,2,2,2,1,0,13,1,1,0,0,0,0,0,0,0,0,1,0,1,0,0,0,1,0,0,0,0,0,0,0
"553",19,2,4,4,3,3,4,4,2,10,1,1,0,0,0,0,0,0,0,0,1,0,0,0,0,0,0,1,0,1,0,0,0,0
"554",17,0,4,1,2,1,1,5,4,12,1,1,0,1,1,0,0,0,0,1,0,0,0,0,0,1,0,0,0,0,1,1,0,0
"555",17,0,3,5,5,2,2,4,3,10,1,0,1,0,0,0,0,1,1,0,0,0,1,0,0,0,0,1,0,1,0,1,0,0
"556",16,0,4,3,4,1,1,3,5,13,1,0,1,0,0,0,0,0,0,1,0,0,1,0,1,0,0,0,1,0,0,1,0,1
"557",16,0,4,4,4,2,4,5,4,11,1,1,1,1,0,0,0,0,1,0,0,0,0,0,0,1,0,0,0,0,1,0,0,0
"558",17,3,5,4,4,1,1,5,2,10,1,0,1,0,0,0,0,0,0,0,0,0,0,0,0,0,0,1,1,0,0,1,0,0
"559",17,0,5,5,5,3,5,5,0,10,1,1,1,0,0,0,0,0,0,0,0,0,0,0,0,1,0,1,0,1,1,1,0,0
"560",18,1,4,3,2,1,1,4,0,13,1,1,1,0,0,0,0,1,1,0,0,0,0,1,1,0,0,0,0,0,1,0,1,0
"561",17,0,4,5,5,1,3,2,0,10,1,1,1,0,0,0,0,0,0,0,0,0,0,0,0,0,0,1,1,0,0,1,0,0
"562",18,0,4,3,3,1,4,5,6,10,1,1,0,1,0,0,0,1,1,0,0,0,0,0,0,0,0,1,0,0,1,0,0,0
"563",16,0,5,4,3,1,1,1,0,12,1,0,1,1,0,0,0,0,0,0,0,0,1,0,0,1,0,1,0,0,1,1,0,0
"564",17,1,1,2,1,2,3,5,0,0,1,1,0,0,0,0,0,0,0,0,0,0,0,0,0,1,0,1,0,0,1,1,0,0
"565",16,0,4,5,5,2,3,5,2,10,1,1,1,0,0,0,0,0,0,0,0,0,1,0,0,1,0,0,0,0,0,0,0,0
"566",16,0,4,5,5,2,4,5,0,9,1,1,1,1,0,0,0,1,0,0,0,0,0,0,0,1,0,1,0,0,0,0,0,0
"567",18,1,5,3,3,2,3,5,2,9,1,1,1,0,0,0,0,0,0,0,0,0,0,1,0,0,0,0,0,1,0,1,0,0
"568",18,1,2,3,1,2,2,5,0,0,1,1,1,0,0,0,0,0,0,0,0,0,0,0,0,1,0,0,0,1,0,0,0,0
"569",19,3,3,2,1,1,1,3,4,9,1,1,0,0,0,0,0,1,0,0,0,0,0,0,0,1,0,1,0,0,1,0,0,0
"570",18,2,4,4,5,1,3,3,9,8,1,1,0,0,0,0,0,1,1,0,0,0,0,0,0,0,0,1,0,1,0,0,0,0
"571",16,0,5,4,3,2,4,4,6,8,1,1,1,0,0,0,0,0,0,0,0,0,0,0,0,0,0,1,0,0,0,1,0,0
"572",19,3,4,4,3,1,3,5,4,9,1,1,0,0,0,0,0,1,0,0,0,0,0,1,0,1,0,1,1,1,0,1,0,0
"573",16,2,2,5,5,1,1,1,8,7,1,0,0,0,1,0,0,0,1,0,0,0,0,0,0,0,0,1,0,0,1,1,0,0
"574",17,0,4,3,2,1,2,5,9,10,1,0,0,0,0,0,0,0,1,0,0,0,0,0,0,0,0,1,0,0,1,0,0,0
"575",20,1,4,4,3,2,4,4,12,10,1,1,1,0,0,0,0,0,0,0,0,0,0,1,0,0,0,0,0,1,0,1,0,0
"576",18,0,5,4,4,3,4,2,8,10,1,0,1,0,1,1,0,0,0,0,0,0,0,0,0,0,0,0,0,0,0,0,0,0
"577",18,0,2,5,5,5,5,5,8,11,1,1,1,0,0,0,0,0,0,0,0,0,0,0,0,0,0,0,1,0,0,0,0,0
"578",19,1,5,4,4,3,3,2,8,11,1,1,1,0,0,0,0,0,0,1,0,0,0,1,0,1,0,0,0,0,0,0,1,0
"579",17,1,4,5,4,2,3,3,4,10,1,1,0,0,0,0,0,0,0,0,0,0,0,0,0,0,0,0,0,0,0,0,0,0
"580",18,0,4,3,3,2,3,3,0,9,1,1,0,1,0,0,0,1,0,0,0,0,0,0,0,1,0,0,0,1,0,1,0,0
"581",19,1,4,4,4,3,3,5,4,10,1,1,1,0,0,0,0,0,0,1,0,0,0,1,0,0,0,0,0,0,0,0,1,0
"582",18,2,4,3,3,1,1,5,2,8,1,0,0,0,1,0,0,1,0,0,0,0,0,0,0,0,0,0,0,0,1,0,0,0
"583",19,0,1,4,4,1,1,5,0,7,1,0,0,1,1,0,0,1,0,0,0,0,0,0,0,0,0,0,0,1,1,0,0,0
"584",18,1,5,5,5,1,1,3,0,0,1,0,1,0,0,0,0,0,0,0,1,0,0,0,0,1,0,0,0,1,0,1,0,0
"585",17,0,4,4,3,1,1,5,0,11,1,0,1,0,0,0,0,1,0,0,0,0,0,0,0,0,0,0,0,0,0,0,0,0
"586",17,0,4,2,3,2,2,3,5,8,1,0,1,1,1,0,0,0,1,0,0,0,0,1,0,0,1,0,0,1,1,0,0,1
"587",17,0,5,5,5,1,3,5,0,0,1,0,0,0,0,1,0,0,0,1,0,0,0,0,1,0,0,1,0,0,0,0,0,0
"588",18,1,2,3,3,1,2,4,3,8,1,0,1,1,0,0,0,0,0,0,0,0,0,0,0,0,0,1,0,0,0,0,0,0
"589",17,0,3,2,2,1,1,5,0,9,1,0,0,0,0,1,0,0,1,0,0,0,0,0,0,0,0,0,0,0,1,1,0,0
"590",17,0,5,5,1,1,1,3,0,10,1,0,0,1,0,0,0,1,0,0,0,0,1,0,0,1,0,0,0,0,0,0,0,0
"591",18,2,3,4,4,2,2,5,3,7,1,0,0,0,0,0,0,0,0,0,0,0,0,0,0,1,0,1,0,0,1,1,1,0
"592",18,0,4,3,5,1,1,1,2,14,1,0,0,0,0,0,0,0,1,0,0,1,1,0,0,1,0,1,1,0,0,0,0,0
"593",17,0,4,4,3,1,1,4,0,13,1,0,0,0,0,0,0,0,0,0,0,0,0,0,0,0,0,0,0,0,0,0,0,0
"594",18,0,4,4,3,1,2,4,0,14,1,0,0,1,1,0,0,1,0,0,0,1,0,0,0,1,0,0,0,0,0,0,0,0
"595",18,0,4,3,5,1,2,1,0,18,1,0,0,0,0,1,1,0,0,0,0,1,0,0,0,1,0,1,1,0,0,0,0,0
"596",18,0,5,4,5,1,1,5,3,17,1,1,0,1,0,1,1,0,0,0,0,1,0,0,0,0,0,1,0,0,0,0,0,0
"597",17,0,4,3,3,1,2,4,0,18,1,0,0,0,0,1,0,0,0,0,0,0,0,0,0,0,0,0,0,0,0,0,0,0
"598",18,1,4,3,3,1,1,4,0,0,1,0,1,0,0,0,0,1,0,0,0,0,0,0,0,1,0,1,0,0,1,1,1,0
"599",18,0,4,1,4,5,5,1,8,11,1,1,0,1,0,0,0,1,0,1,0,0,0,0,0,0,0,0,1,0,1,0,0,0
"600",18,0,2,5,5,1,1,1,5,14,1,1,1,0,0,1,1,1,0,0,1,0,0,0,0,0,1,1,0,0,0,1,1,0
"601",17,0,4,2,3,3,4,4,4,14,1,1,1,0,0,0,0,0,0,0,1,0,1,0,0,1,0,0,1,1,1,0,1,0
"602",18,0,1,3,1,1,1,2,4,10,1,0,0,0,0,0,0,0,0,0,0,0,0,0,0,0,0,0,1,0,0,1,0,0
"603",18,0,5,4,5,1,4,3,0,13,1,0,0,1,0,0,0,0,0,0,0,0,1,0,0,1,0,0,0,0,0,1,0,1
"604",18,0,5,3,1,1,1,5,0,0,1,0,1,1,1,1,0,0,0,0,0,1,0,0,0,1,0,1,0,0,0,1,0,0
"605",18,1,4,4,2,1,2,2,2,10,1,0,0,0,0,0,0,1,0,0,0,0,0,0,0,1,0,0,0,1,1,0,1,0
"606",19,1,5,5,5,2,3,2,0,0,1,0,0,0,0,0,0,1,0,0,1,0,1,0,0,1,0,0,0,1,1,0,0,0
"607",17,0,4,2,3,3,1,5,0,18,1,0,0,0,0,1,0,0,0,0,0,0,1,0,0,1,0,0,0,0,0,1,0,1
"608",17,0,5,3,3,1,2,2,5,12,1,0,1,1,1,0,0,0,0,0,0,1,0,0,0,1,0,1,0,0,0,1,0,0
"609",18,0,5,2,3,1,2,3,2,11,1,0,0,1,1,0,0,1,0,0,0,0,0,0,0,1,0,0,0,0,1,1,0,0
"610",18,0,4,1,1,1,1,4,0,12,1,0,0,0,0,0,0,1,1,0,0,0,1,0,0,0,0,0,0,1,1,0,0,0
"611",19,3,3,5,4,1,4,1,0,0,1,0,1,0,1,0,0,1,1,0,0,0,0,1,0,0,0,1,0,1,1,1,0,0
"612",18,0,4,2,1,1,1,4,5,15,1,0,1,0,0,0,0,0,0,1,0,0,0,0,0,1,0,0,0,0,0,1,0,1
"613",17,1,4,5,5,1,3,2,4,11,1,1,1,0,0,1,0,0,0,1,0,0,0,0,0,0,1,1,1,0,0,1,0,0
"614",18,0,5,3,4,1,1,5,0,10,1,0,0,0,0,0,0,0,0,0,0,0,1,0,0,0,0,0,0,0,1,1,0,0
"615",17,0,4,3,3,1,2,5,2,12,1,0,1,0,0,1,1,0,0,0,1,0,1,0,0,0,1,1,0,0,0,0,0,0
"616",17,0,1,2,3,1,2,5,0,15,1,0,0,1,1,0,0,0,0,0,0,1,0,0,0,1,0,0,0,0,1,1,0,0
"617",18,0,3,3,2,1,2,3,2,14,1,1,0,1,0,0,0,0,0,1,0,0,1,0,0,1,0,0,1,0,0,1,0,0
"618",18,0,5,3,2,1,1,4,0,18,1,0,0,1,0,0,0,1,0,0,0,0,1,0,0,1,0,0,0,0,0,0,0,1
"619",18,0,4,3,4,1,4,5,0,15,1,0,1,1,1,0,0,1,0,0,0,0,0,0,0,1,0,0,0,0,1,1,1,0
"620",18,0,4,3,2,1,3,3,6,13,1,0,0,0,0,0,0,0,0,0,1,0,0,0,0,0,0,0,0,0,0,1,0,0
"621",17,0,2,3,4,1,1,1,4,15,1,0,0,1,0,1,1,1,1,0,0,0,0,0,0,0,0,1,0,0,0,1,0,0
"622",17,0,3,2,2,1,2,3,0,13,1,0,1,0,0,0,0,0,0,0,0,0,1,0,0,1,0,0,1,0,1,0,0,0
"623",18,0,3,3,4,2,4,3,0,9,1,1,1,0,0,0,0,1,0,0,0,0,0,0,0,0,1,0,0,0,1,0,0,0
"624",18,0,4,2,2,2,2,5,0,16,1,1,0,1,0,1,1,0,0,0,1,0,0,0,0,1,0,0,0,0,0,1,0,1
"625",17,1,5,2,1,1,2,1,0,9,1,0,1,0,0,0,0,0,0,0,0,1,0,0,0,0,0,0,0,0,0,1,1,0
"626",18,0,5,2,3,1,2,4,0,10,1,0,0,0,0,0,0,1,0,0,0,0,1,0,0,0,0,0,0,0,0,1,0,0
"627",18,0,3,2,2,4,2,5,0,0,1,0,1,0,0,1,1,0,0,0,1,0,1,0,0,0,0,0,1,0,0,1,1,0
"628",18,0,4,3,3,2,3,3,3,10,1,1,1,1,0,0,0,1,0,0,1,0,1,0,0,0,0,1,0,1,0,1,1,0
"629",17,0,3,4,3,1,1,3,8,12,1,0,0,0,0,0,0,0,1,1,0,0,0,0,0,1,0,1,0,0,1,1,0,1
"630",17,0,3,5,5,1,3,1,4,9,1,0,1,0,0,0,0,0,0,0,0,0,0,0,0,1,0,1,0,0,0,0,0,0
"631",18,0,5,4,4,1,1,1,0,17,1,0,1,1,0,1,1,0,0,0,0,1,0,0,0,1,0,0,0,0,0,0,0,1
"632",18,0,4,3,2,1,2,4,4,12,1,0,1,0,0,0,0,0,0,1,0,0,0,0,0,1,0,0,0,0,0,0,1,1
"633",19,1,4,3,3,1,1,3,4,9,1,0,1,0,0,0,0,1,0,0,0,0,0,1,0,0,0,0,0,0,0,1,0,0
"634",18,0,5,4,3,3,4,2,1,14,1,0,1,1,0,1,1,0,0,0,0,0,0,0,0,1,0,1,0,0,0,0,0,0
"635",18,0,4,1,3,1,2,1,1,16,1,0,0,0,0,0,0,0,0,1,0,0,0,0,0,1,0,0,0,0,0,1,0,0
"636",17,0,4,5,4,2,3,1,10,9,1,0,1,0,0,0,0,1,0,0,0,1,0,0,0,0,0,1,1,0,0,0,0,0
"637",18,0,3,2,4,1,4,2,4,19,1,1,0,0,0,1,1,0,0,1,0,0,1,0,0,1,0,1,1,0,0,0,0,0
"638",18,0,4,4,3,1,3,5,0,0,1,1,1,0,0,0,0,0,0,0,1,0,0,0,0,1,0,1,1,0,0,1,0,0
"639",17,0,4,4,3,1,1,3,4,16,1,1,0,0,0,0,0,0,0,1,0,0,1,0,0,1,0,1,0,0,0,0,0,0
"640",19,1,4,3,2,1,3,5,0,0,1,1,1,0,0,0,0,0,0,0,1,0,0,0,0,1,0,0,0,0,1,0,0,0
"641",18,1,5,4,3,4,3,3,0,0,1,1,1,0,0,1,0,0,0,1,0,0,1,0,0,1,1,0,0,0,1,0,0,0
"642",18,0,5,3,3,1,3,4,0,15,1,0,1,0,0,0,0,1,0,0,1,0,0,0,0,1,0,0,0,0,1,0,0,1
"643",17,0,5,5,4,1,1,1,0,11,1,0,0,0,0,1,0,0,0,0,1,0,0,0,0,1,0,0,0,0,0,0,0,0
"644",18,0,4,4,3,2,2,5,4,10,1,0,1,0,0,1,1,0,1,0,0,1,0,0,0,0,0,1,0,0,0,1,1,0
"645",19,1,5,4,2,1,2,5,4,10,1,0,1,0,0,0,0,0,0,0,0,0,0,0,0,1,0,1,1,0,0,0,0,1
"646",18,0,4,3,4,1,1,1,4,16,1,0,0,1,0,0,0,0,0,0,0,0,0,0,0,0,0,0,0,0,0,0,0,0
"647",18,0,1,1,1,1,1,5,6,9,1,0,0,0,0,0,0,0,0,0,0,0,0,0,0,1,0,1,0,0,1,0,0,0
"648",17,0,2,4,5,3,4,2,6,10,1,1,0,1,0,0,0,0,0,0,0,0,0,0,0,1,0,0,1,0,0,0,0,0
"649",18,0,4,4,1,3,4,5,4,11,1,1,1,1,0,0,0,0,0,0,0,0,0,0,0,1,0,0,1,0,0,0,1,0
